,0
0,SPY
1,CMCSA
2,KMI
3,INTC
4,MU
5,GDX
6,GE
7,BAC
8,EEM
9,XLF
10,AAPL
11,MSFT
12,SIRI
13,HPQ
14,CX
15,EFA
16,CZR
17,QQQ
18,F
19,AMD
20,SNAP
21,FB
22,WFC
23,AIG
24,T
25,C
26,VALE
27,MS
28,AKS
29,JPM
30,ORCL
31,NKE
32,VWO
33,PG
34,FXI
35,IWM
36,GSM
37,HK
38,BBD
39,PFE
40,JD
41,NOK
42,TWTR
43,AMLP
44,AVGO
45,AMAT
46,WFT
47,UVXY
48,DWDP
49,VXX
50,VEA
51,ZNGA
52,XOM
53,QCOM
54,TVIX
55,VIPS
56,GLD
57,CSCO
58,AXP
59,BMY
60,V
61,USO
62,GRPN
63,WP
64,OIH
65,GERN
66,KEY
67,RF
68,KR
69,HAL
70,BABA
71,MRO
72,CLNS
73,GILD
74,IEMG
75,GM
76,FCX
77,CRM
78,ATVI
79,SQ
80,P
81,XLK
82,TWX
83,NUE
84,XOP
85,SWN
86,LOW
87,RAD
88,VEON
89,HYG
90,APC
91,JNK
92,EWJ
93,XLU
94,ESV
95,SLB
96,FLEX
97,FOXA
98,ABBV
99,GIS
100,VZ
101,XRX
102,CVLT
103,IEFA
104,X
105,MAT
106,CTL
107,MIK
108,DVN
109,BKLN
110,IBN
111,MPC
112,EZU
113,PM
114,MSCI
115,RDN
116,KO
117,AABA
118,SRC
119,NFX
120,COP
121,CHK
122,DIS
123,LEN
124,CVX
125,PYPL
126,GDXJ
127,CTRP
128,AUY
129,DBEF
130,WMT
131,CLF
132,MRK
133,MDLZ
134,RSPP
135,GG
136,MGM
137,GFI
138,KGC
139,SCHW
140,NBR
141,SRCI
142,JAG
143,NVDA
144,JNJ
145,WDC
146,BSX
147,STI
148,ON
149,ITUB
150,BK
151,HMY
152,APA
153,HOME
154,NGD
155,KOS
156,DAL
157,INFY
158,CCL
159,BHGE
160,MFGP
161,PBR
162,DISCA
163,LPI
164,ABT
165,FITB
166,PTEN
167,USB
168,BA
169,GGB
170,JBLU
171,QEP
172,EBAY
173,HBAN
174,DB
175,MRVL
176,ABX
177,WBA
178,CDNA
179,ETP
180,RSX
181,KNX
182,KBH
183,DISCK
184,PGR
185,XLE
186,MO
187,MDT
188,RIG
189,BCS
190,CDEV
191,DNR
192,EOG
193,XLP
194,HPE
195,TXN
196,OAS
197,OKE
198,CVS
199,SVXY
200,HES
201,GDDY
202,BX
203,NLSN
204,TS
205,BOX
206,OXY
207,OCLR
208,CVE
209,SYF
210,IAU
211,MTG
212,LUV
213,FTI
214,AA
215,ABEV
216,VTI
217,EQR
218,EWG
219,ESRX
220,MDR
221,ETSY
222,ANDV
223,TAL
224,UNH
225,ECA
226,GES
227,AMZN
228,NFLX
229,ENTG
230,CSX
231,WYNN
232,FOX
233,CNC
234,ZION
235,CLDR
236,RES
237,CI
238,KRE
239,WMB
240,SYNH
241,HBI
242,BBT
243,XL
244,PAYX
245,CELG
246,D
247,CHS
248,CFG
249,XLI
250,SU
251,SLV
252,MMM
253,BIIB
254,JBL
255,ACN
256,NTR
257,PAH
258,BRFS
259,SBUX
260,EWU
261,PE
262,LVS
263,EGO
264,GSK
265,TEVA
266,PAA
267,SQQQ
268,VLO
269,CSRA
270,IMAX
271,FNB
272,ADSK
273,HD
274,BIDU
275,AR
276,ARNC
277,VOYA
278,SPXU
279,MLCO
280,SJNK
281,CWB
282,SM
283,NTRS
284,DHI
285,UAL
286,HRB
287,BTU
288,JBGS
289,IPG
290,DE
291,KHC
292,COG
293,IBM
294,WTW
295,NYT
296,DBJP
297,AAL
298,OLN
299,JCI
300,VICI
301,VST
302,NWL
303,EPD
304,KMB
305,AEP
306,IT
307,CAT
308,AU
309,MYL
310,XRAY
311,KKR
312,IEUR
313,LQD
314,CMC
315,JCP
316,XBI
317,SYMC
318,TMUS
319,EWW
320,RMP
321,NRG
322,CPB
323,ATHM
324,WRB
325,MOMO
326,TGT
327,TV
328,GLW
329,MAS
330,DOV
331,HRL
332,S
333,TECK
334,AES
335,PPL
336,IXUS
337,SEE
338,NLY
339,FRC
340,EWT
341,STX
342,ADBE
343,K
344,RTN
345,M
346,TSLA
347,CY
348,KBE
349,TSM
350,STL
351,NYCB
352,TRQ
353,NBL
354,FDC
355,BAH
356,BUFF
357,ARI
358,MET
359,AFL
360,TPR
361,WPM
362,LNT
363,BTG
364,UTX
365,WLL
366,LKQ
367,PCG
368,CRZO
369,CENX
370,PGNX
371,CLR
372,FCAU
373,IMGN
374,HL
375,LULU
376,UAA
377,CAG
378,STLD
379,PEP
380,SO
381,ETE
382,COST
383,GKOS
384,CCI
385,ZTO
386,VGK
387,GS
388,IJR
389,ZAYO
390,ADT
391,ALTR
392,GGP
393,EMR
394,CNP
395,ALXN
396,COTY
397,MA
398,AWI
399,IYR
400,ADP
401,TZA
402,MULE
403,BBVA
404,MNST
405,FEZ
406,AER
407,GTN
408,EWY
409,CDE
410,NCR
411,AMT
412,PSTG
413,VRX
414,SJM
415,ETN
416,DUK
417,CL
418,IDRA
419,KAR
420,NEE
421,PXD
422,WPX
423,ADM
424,VTR
425,VMW
426,RIGL
427,DKS
428,FG
429,WTI
430,LRCX
431,NXPI
432,CE
433,HUN
434,CSTM
435,VER
436,GPK
437,WELL
438,TJX
439,PLD
440,KSS
441,XEC
442,TLT
443,DRI
444,OZRK
445,ENDP
446,ATI
447,IAG
448,VFC
449,BDN
450,HON
451,YNDX
452,USG
453,GOOGL
454,ICE
455,OMER
456,WY
457,HEFA
458,BLL
459,CGNX
460,AMGN
461,FSLR
462,IVZ
463,DG
464,SID
465,SLM
466,SLCA
467,HCP
468,PF
469,SGU
470,ODP
471,PK
472,TLGT
473,TOL
474,PDCO
475,ITB
476,Z
477,BCO
478,CME
479,BKD
480,PPBI
481,JMEI
482,ETFC
483,AIV
484,DPS
485,EXC
486,TAP
487,MON
488,UNP
489,IWD
490,BDX
491,GME
492,PEGI
493,MX
494,RLJ
495,LB
496,TIF
497,DLPH
498,USMV
499,NCLH
500,NOV
501,CNDT
502,FNSR
503,LMT
504,MTZ
505,TBT
506,WEN
507,VNQ
508,GPS
509,SYY
510,CEF
511,WDR
512,FTV
513,BKI
514,CTSH
515,HOLX
516,EIX
517,URA
518,CTXS
519,AMTD
520,CPE
521,XME
522,CF
523,PNC
524,SABR
525,WIT
526,LYB
527,DISH
528,NE
529,MGA
530,AEO
531,XHB
532,BP
533,XEL
534,NTNX
535,VVV
536,DDR
537,HQY
538,ARCC
539,UPS
540,MUR
541,OMAM
542,VMC
543,SDS
544,NOMD
545,ANTM
546,PAY
547,SFIX
548,CCE
549,GD
550,KIM
551,FNF
552,BXMT
553,NWS
554,CHD
555,XLY
556,DLR
557,IP
558,CLI
559,SE
560,CC
561,DAN
562,ZBH
563,NVAX
564,LPX
565,ALDR
566,BBY
567,GRUB
568,BG
569,LC
570,PWR
571,TNDM
572,DXCM
573,NTCT
574,RDC
575,NYMT
576,NEM
577,BEN
578,LUK
579,SHLX
580,CIVI
581,NAVI
582,AET
583,PBH
584,SBH
585,SEP
586,NI
587,LLY
588,STNG
589,TTWO
590,KLAC
591,LADR
592,XRT
593,FHN
594,GOOG
595,DVMT
596,HSIC
597,CXO
598,HLX
599,RSG
600,BIG
601,CYH
602,PAYC
603,GCP
604,YUM
605,STZ
606,EWH
607,LBTYK
608,LYG
609,MEOH
610,GIII
611,USFD
612,SSO
613,SFM
614,SPXL
615,THC
616,DOC
617,ALLY
618,QRVO
619,TOPS
620,AVP
621,HEDJ
622,EVR
623,CMS
624,XLB
625,DOX
626,RIO
627,HMHC
628,NMRK
629,PDM
630,KMT
631,SRNE
632,AMR
633,HP
634,FLR
635,BFR
636,JHG
637,FDX
638,EMN
639,OPK
640,LNG
641,EWZ
642,WU
643,BAX
644,AOBC
645,CARS
646,NUAN
647,TEL
648,MLM
649,GWW
650,PBF
651,AGN
652,GT
653,EA
654,GPRO
655,BW
656,CMI
657,CNQ
658,HCA
659,INXN
660,VRTX
661,QTS
662,SAN
663,CNHI
664,CNX
665,INFO
666,YY
667,ES
668,DXJ
669,FWONK
670,ARMK
671,OII
672,NOW
673,ILG
674,APTV
675,HOMB
676,QD
677,NSC
678,NKTR
679,PSX
680,GAB
681,WIN
682,CERN
683,UPRO
684,MCHI
685,AKAM
686,IEF
687,CS
688,ARRS
689,PNW
690,AMH
691,CDNS
692,LABD
693,FOE
694,A
695,MDRX
696,MOS
697,CTB
698,LPL
699,SKX
700,HST
701,UE
702,PHM
703,MT
704,ISBC
705,KLDX
706,CAAP
707,WRE
708,RRC
709,FL
710,NTAP
711,AGO
712,DRE
713,BBBY
714,CCJ
715,MAR
716,AXTA
717,VIAV
718,SHOO
719,CONE
720,LOGM
721,AEM
722,BB
723,CB
724,PRU
725,RUN
726,MNK
727,PVG
728,HA
729,INDA
730,PBCT
731,UCBI
732,LBTYA
733,AVYA
734,CBSH
735,SC
736,ANF
737,HIG
738,ITW
739,AZN
740,YELP
741,MTOR
742,ARRY
743,EVC
744,MITL
745,SPXS
746,IRM
747,TSCO
748,EWC
749,NWY
750,POST
751,EL
752,ING
753,UBS
754,KRG
755,VSH
756,TER
757,EMB
758,LHO
759,SPSB
760,TWLO
761,TRUE
762,RLGY
763,HPP
764,CNO
765,JNPR
766,SMH
767,URBN
768,ROKU
769,FEDU
770,ETM
771,BANC
772,INVH
773,OMF
774,LW
775,CTRE
776,NHI
777,CBL
778,FE
779,NOC
780,ASH
781,MCHP
782,KLIC
783,O
784,TAHO
785,XLV
786,FET
787,TPH
788,AMX
789,FLO
790,SPN
791,SHO
792,TEAM
793,COF
794,PFPT
795,EWL
796,FLT
797,PLUG
798,HIMX
799,IGT
800,IBB
801,FANG
802,XLRE
803,HRG
804,TROW
805,SN
806,ARLP
807,RXN
808,OSK
809,DHR
810,EVHC
811,BLMN
812,UPL
813,ORBK
814,BNDX
815,AMN
816,PPC
817,GNTX
818,RCL
819,INTU
820,W
821,PCAR
822,IR
823,PEG
824,FBP
825,WEC
826,MDC
827,TISI
828,YUMC
829,HMSY
830,IMMU
831,ALV
832,IWF
833,BHP
834,BXP
835,BYD
836,WGO
837,KSU
838,PUMP
839,XLNX
840,NOG
841,GLOG
842,FOLD
843,JBHT
844,AGG
845,FBHS
846,TXT
847,EXPD
848,PDLI
849,SHPG
850,EXPE
851,TVPT
852,WERN
853,AGI
854,ED
855,HCSG
856,DVAX
857,DLTR
858,GNC
859,VIXY
860,OUT
861,MTSI
862,DBD
863,CBT
864,STOR
865,VEU
866,FBR
867,BGCP
868,VCIT
869,ABB
870,GTE
871,SWKS
872,CP
873,PNR
874,PKI
875,IIVI
876,CROX
877,ASB
878,UHS
879,ENB
880,TDC
881,AG
882,ACHC
883,NAT
884,MLHR
885,SPG
886,EWA
887,ENLK
888,QRTEA
889,TRIP
890,TRP
891,FAST
892,RH
893,IVV
894,CBRE
895,HGV
896,AEG
897,BTI
898,VIAB
899,EWP
900,NVS
901,EWBC
902,QSR
903,NXTM
904,GSAT
905,DBEU
906,TTPH
907,VRAY
908,SGH
909,ALNY
910,SCHB
911,BMRN
912,CA
913,CASA
914,CXP
915,SCZ
916,AGNC
917,DF
918,HRTX
919,LDOS
920,VSLR
921,MPW
922,TXMD
923,CIM
924,ECYT
925,QCP
926,NYLD
927,INSM
928,ETH
929,KS
930,NG
931,BGFV
932,AEE
933,HCC
934,LAMR
935,FIT
936,EXEL
937,HZNP
938,ADI
939,FLOT
940,AKBA
941,LPNT
942,OLED
943,EYE
944,CBS
945,MBT
946,TMO
947,LBRDA
948,HCLP
949,OFC
950,STT
951,HLF
952,WRK
953,GREK
954,BR
955,ORIG
956,MCD
957,PRO
958,SSNC
959,TWO
960,CHTR
961,AXL
962,ACAD
963,VLY
964,VOD
965,EXTR
966,BTE
967,FEYE
968,HYH
969,SUN
970,VECO
971,ZEN
972,ATEN
973,CRC
974,WPZ
975,ATUS
976,SIG
977,BDC
978,ERIC
979,XPO
980,APO
981,FMSA
982,BSTI
983,CRI
984,MANH
985,AGCO
986,TILE
987,MMC
988,GNW
989,CAKE
990,CAR
991,TMHC
992,URI
993,SPLK
994,VRSN
995,MCO
996,SLG
997,XOG
998,STO
999,PEIX
1000,BZUN
1001,PAGS
1002,L
1003,NWSA
1004,MBI
1005,ARNA
1006,VNO
1007,PDS
1008,BCC
1009,TCP
1010,ULTA
1011,PRTY
1012,JACK
1013,OGE
1014,QGEN
1015,CPRT
1016,EAT
1017,DXC
1018,UEC
1019,CLVS
1020,UDR
1021,KBR
1022,PGEM
1023,STM
1024,AQUA
1025,SBRA
1026,EQT
1027,FISV
1028,SPIB
1029,IDTI
1030,SRE
1031,DIA
1032,SAVE
1033,DXLG
1034,RHT
1035,HTA
1036,NPTN
1037,HMNY
1038,NSM
1039,ARQL
1040,SQM
1041,SXT
1042,KND
1043,OMC
1044,CVA
1045,LXP
1046,ONB
1047,FMC
1048,KN
1049,KW
1050,SCS
1051,CXW
1052,CBI
1053,GXP
1054,CGI
1055,DFS
1056,VTV
1057,PH
1058,USA
1059,CIEN
1060,OIS
1061,SEMG
1062,SCCO
1063,VT
1064,HDS
1065,YEXT
1066,ATU
1067,NGHC
1068,ATSG
1069,REVG
1070,ALLE
1071,CCT
1072,MHK
1073,SPWH
1074,TWNK
1075,BMCH
1076,EQIX
1077,GRA
1078,VNTR
1079,SUM
1080,MSCC
1081,RDFN
1082,ERJ
1083,UNM
1084,MTU
1085,NJR
1086,ORBC
1087,NNN
1088,PAGP
1089,TNA
1090,LIVN
1091,AMAG
1092,CTAS
1093,REGI
1094,VRNT
1095,HAS
1096,AOS
1097,DGX
1098,CUZ
1099,HALO
1100,SGMO
1101,KTOS
1102,FIS
1103,EEP
1104,SCHX
1105,TRN
1106,SPGI
1107,BHF
1108,RYAAY
1109,AN
1110,WDAY
1111,ABR
1112,MCK
1113,VC
1114,ROIC
1115,HTZ
1116,ACXM
1117,MUX
1118,IEX
1119,MXIM
1120,ASHR
1121,XCRA
1122,IJH
1123,GSVC
1124,INN
1125,ITOT
1126,FAZ
1127,SH
1128,EPE
1129,TROX
1130,OEC
1131,ATH
1132,CSOD
1133,ABC
1134,EFX
1135,DPZ
1136,ENLC
1137,TTM
1138,OHI
1139,VOO
1140,SUI
1141,SIVB
1142,MPLX
1143,EC
1144,FIVE
1145,LPLA
1146,SEIC
1147,LQ
1148,SIX
1149,PX
1150,VEEV
1151,DO
1152,FORM
1153,FRAC
1154,BRKS
1155,VIG
1156,NVO
1157,SWK
1158,SNDR
1159,MZOR
1160,SBGL
1161,VNDA
1162,ANH
1163,HTHT
1164,EW
1165,SKT
1166,ROK
1167,PENN
1168,AMRN
1169,ALL
1170,IONS
1171,APRN
1172,NEOS
1173,KRNY
1174,SBAC
1175,MFC
1176,FSIC
1177,ZTS
1178,BUD
1179,UA
1180,AROC
1181,THO
1182,BGNE
1183,WB
1184,KT
1185,BOTZ
1186,TGNA
1187,CHGG
1188,HYD
1189,WM
1190,ASX
1191,BDSI
1192,THRM
1193,UMPQ
1194,ALB
1195,RHI
1196,AKRX
1197,HLT
1198,DNOW
1199,PIR
1200,WPG
1201,PNFP
1202,DRH
1203,OC
1204,CUBE
1205,GLPI
1206,CBOE
1207,RDNT
1208,AGRO
1209,AL
1210,PHH
1211,GNRT
1212,AMJ
1213,EVH
1214,UIS
1215,NCS
1216,JELD
1217,TDG
1218,LITE
1219,STAY
1220,TCF
1221,RY
1222,ROST
1223,SYK
1224,REI
1225,HR
1226,TRV
1227,CSL
1228,GWRE
1229,SIR
1230,ANET
1231,BMS
1232,SFLY
1233,PCRX
1234,CSIQ
1235,ICHR
1236,CAVM
1237,WSM
1238,EXP
1239,BWA
1240,SWCH
1241,APLE
1242,ADS
1243,DRQ
1244,AXS
1245,JNUG
1246,MTDR
1247,CARB
1248,CAJ
1249,CNI
1250,TLND
1251,ILMN
1252,ISRG
1253,CAL
1254,SPAR
1255,SAP
1256,ESNT
1257,NMFC
1258,BLDP
1259,OI
1260,DSW
1261,MDU
1262,ELLI
1263,PSXP
1264,EPI
1265,CREE
1266,CWH
1267,DECK
1268,COHR
1269,ACWI
1270,SMFG
1271,FULT
1272,UNIT
1273,LAZ
1274,CASY
1275,TEGP
1276,PODD
1277,NEXA
1278,HRS
1279,QSII
1280,UCO
1281,MATW
1282,PLNT
1283,CAH
1284,AYI
1285,DVA
1286,CHUBK
1287,AMPE
1288,REGN
1289,MELI
1290,SGMS
1291,WCN
1292,IMMR
1293,VKTX
1294,MYOV
1295,ABM
1296,NGL
1297,ARCO
1298,HEWJ
1299,BABY
1300,TYME
1301,UNG
1302,GST
1303,VR
1304,MGPI
1305,NTES
1306,LTRPA
1307,LNC
1308,NGG
1309,TQQQ
1310,SND
1311,SCHF
1312,GTES
1313,CMA
1314,ALK
1315,CHL
1316,PFG
1317,IRET
1318,HUM
1319,TEX
1320,STFC
1321,SAND
1322,JWN
1323,HDSN
1324,HFC
1325,PQG
1326,MBFI
1327,EDU
1328,ESRT
1329,SCHD
1330,LBRT
1331,HDP
1332,PEB
1333,TSN
1334,HSBC
1335,OMI
1336,PTC
1337,CDW
1338,EWI
1339,SBGI
1340,RSP
1341,MMP
1342,PLAY
1343,EGOV
1344,HDB
1345,TSE
1346,WAL
1347,SBS
1348,ARE
1349,EMLC
1350,EXAS
1351,TRGP
1352,LYV
1353,MFA
1354,ECL
1355,RESN
1356,ELY
1357,ARES
1358,DDD
1359,LPT
1360,MKC
1361,WAFD
1362,BSBR
1363,CQP
1364,PETQ
1365,RMD
1366,GPT
1367,IRDM
1368,BKU
1369,H
1370,MDXG
1371,EXPR
1372,AVB
1373,FII
1374,INCY
1375,LBRDK
1376,NVCN
1377,TRMB
1378,CVEO
1379,TDOC
1380,TRU
1381,SOGO
1382,APTI
1383,XYL
1384,MOAT
1385,GPOR
1386,ANDX
1387,ACGL
1388,SFUN
1389,SBNY
1390,GRFS
1391,DY
1392,MGP
1393,SNE
1394,MAA
1395,AEL
1396,CVG
1397,GOGO
1398,TSU
1399,DBC
1400,WES
1401,QUAD
1402,RYN
1403,SYNA
1404,VSTO
1405,BHVN
1406,WYN
1407,PPG
1408,WAIR
1409,ORI
1410,SONC
1411,TPC
1412,XHR
1413,WMGI
1414,MC
1415,COT
1416,DDS
1417,TMST
1418,IPXL
1419,FR
1420,NMIH
1421,MTCH
1422,TRHC
1423,XNET
1424,CIG
1425,HAIN
1426,TIVO
1427,GSY
1428,CUK
1429,ECHO
1430,MSI
1431,PDCE
1432,DRYS
1433,FNV
1434,EGN
1435,LPSN
1436,TELL
1437,KMX
1438,MDSO
1439,LFC
1440,ESPR
1441,BRX
1442,EQGP
1443,LH
1444,CJ
1445,AKAO
1446,PLCE
1447,NBHC
1448,FND
1449,MOH
1450,SSW
1451,FUL
1452,LNCE
1453,MRC
1454,EXR
1455,SCHL
1456,CPG
1457,ITG
1458,ADTN
1459,WHR
1460,AMGP
1461,NTRI
1462,HSY
1463,HTGM
1464,SEAS
1465,BECN
1466,BPOP
1467,IEV
1468,PGRE
1469,COO
1470,JT
1471,WRI
1472,COMM
1473,ABEO
1474,KORS
1475,CPT
1476,SHOP
1477,RETA
1478,MWA
1479,BLUE
1480,EIDO
1481,GWB
1482,SOXS
1483,WPRT
1484,CORT
1485,BOOT
1486,ALEX
1487,VTIP
1488,TKR
1489,RL
1490,DBA
1491,XXII
1492,CLGX
1493,AXGN
1494,MASI
1495,OKTA
1496,BKS
1497,TD
1498,BRO
1499,ALSN
1500,FAF
1501,BRKR
1502,G
1503,CFX
1504,PANW
1505,GPC
1506,ELP
1507,KMPR
1508,BGS
1509,NBIX
1510,CHKP
1511,JAZZ
1512,CMCO
1513,CRS
1514,AMC
1515,BVN
1516,EXK
1517,BLK
1518,IMO
1519,WRD
1520,UUP
1521,SFS
1522,CATM
1523,POR
1524,BBL
1525,GCI
1526,RWX
1527,DYN
1528,ORLY
1529,HDV
1530,GDI
1531,FFIV
1532,PHB
1533,KNL
1534,HOG
1535,STWD
1536,PRTA
1537,UNVR
1538,TUP
1539,LXFT
1540,FSM
1541,XIN
1542,SCWX
1543,PTLA
1544,PAAS
1545,NUGT
1546,ADNT
1547,TRUP
1548,HAE
1549,PCY
1550,WTR
1551,EVEP
1552,HOPE
1553,MRTN
1554,DLX
1555,UUUU
1556,GEO
1557,AAV
1558,LMNX
1559,AAP
1560,AON
1561,TGTX
1562,SKM
1563,MAN
1564,SDY
1565,CRUS
1566,AAXN
1567,DPLO
1568,TXRH
1569,BEAT
1570,FRED
1571,AAXJ
1572,TNET
1573,ECR
1574,LZB
1575,CVRS
1576,FTSI
1577,EEFT
1578,BPL
1579,COL
1580,BXS
1581,CVGI
1582,TRI
1583,JQC
1584,GMS
1585,PBI
1586,XON
1587,JEC
1588,RJF
1589,WWD
1590,NRE
1591,SNY
1592,IWB
1593,TTC
1594,BAM
1595,SHW
1596,AMP
1597,FINL
1598,SNR
1599,WSO
1600,ATO
1601,SNH
1602,QID
1603,HOLI
1604,CBAY
1605,BGC
1606,STAG
1607,WAB
1608,FSCT
1609,AVEO
1610,PFGC
1611,MUSA
1612,RCM
1613,DK
1614,CM
1615,SWX
1616,SSRM
1617,ACWF
1618,MTW
1619,WUBA
1620,IRS
1621,AHL
1622,MIC
1623,PSQ
1624,CYS
1625,TSEM
1626,ILF
1627,DNLI
1628,CHRW
1629,SPPI
1630,TTD
1631,ASML
1632,IDXX
1633,ONCS
1634,SRPT
1635,SHLM
1636,LTM
1637,PNK
1638,SGEN
1639,CNK
1640,TCBI
1641,OCN
1642,MDB
1643,DXPE
1644,NWBI
1645,LLL
1646,ENS
1647,RP
1648,TFX
1649,EQC
1650,DEI
1651,UFS
1652,MTN
1653,SPR
1654,PSEC
1655,LEE
1656,QDEL
1657,WETF
1658,BBX
1659,NRZ
1660,HBM
1661,INVA
1662,BJRI
1663,EVRI
1664,LCI
1665,FLIR
1666,PII
1667,JCOM
1668,CTT
1669,SCO
1670,TLRD
1671,AHH
1672,ENRJ
1673,ZS
1674,MIDD
1675,SF
1676,RCII
1677,DCP
1678,IMPV
1679,VEDL
1680,SERV
1681,UN
1682,WBS
1683,CRON
1684,WST
1685,SCI
1686,BERY
1687,ENIA
1688,TEUM
1689,TPRE
1690,CCK
1691,MAG
1692,WNC
1693,CSGP
1694,PETX
1695,ETR
1696,ATHN
1697,VLUE
1698,TTMI
1699,FLS
1700,ARWR
1701,IAC
1702,VIRT
1703,UCTT
1704,WBT
1705,VUG
1706,ANGI
1707,BCOR
1708,CISN
1709,CRH
1710,GHL
1711,IPI
1712,HIW
1713,BLDR
1714,CNXM
1715,MOBL
1716,CPS
1717,CHEF
1718,APH
1719,REXR
1720,KURA
1721,GTHX
1722,TK
1723,MRNS
1724,GPRE
1725,TERP
1726,RS
1727,HIBB
1728,ALGN
1729,HEI
1730,CFR
1731,YPF
1732,LGIH
1733,CMG
1734,REG
1735,AVXL
1736,AXDX
1737,RPM
1738,CTRL
1739,BNS
1740,USAT
1741,BWXT
1742,WOW
1743,PRMW
1744,WOR
1745,NIHD
1746,NUVA
1747,HPT
1748,TIP
1749,ADVM
1750,SWIR
1751,BIOS
1752,DNKN
1753,MBB
1754,EFII
1755,FRAN
1756,HUBS
1757,FRPT
1758,BNCL
1759,ARAY
1760,QUOT
1761,COLD
1762,DERM
1763,NS
1764,YANG
1765,FAS
1766,FMX
1767,GLIBA
1768,HTLD
1769,VRNS
1770,IVE
1771,EV
1772,AYTU
1773,PKG
1774,CINF
1775,ANY
1776,NAV
1777,DENN
1778,CLX
1779,VGR
1780,HII
1781,AFSI
1782,GLRE
1783,PRGO
1784,OIL
1785,RRR
1786,SINA
1787,FNGN
1788,MPO
1789,PRAH
1790,MSA
1791,SQNS
1792,ZG
1793,ACM
1794,HLI
1795,CMP
1796,GGAL
1797,FTNT
1798,CLDX
1799,WR
1800,CZZ
1801,MCF
1802,VXUS
1803,SPB
1804,IFF
1805,MDCA
1806,VCEL
1807,SRCL
1808,RING
1809,RBBN
1810,DBO
1811,RYI
1812,MAC
1813,SENS
1814,IQV
1815,WNS
1816,WTFC
1817,SGRY
1818,VIV
1819,XPER
1820,FCF
1821,ERX
1822,VG
1823,VYM
1824,SNP
1825,AGEN
1826,RPAI
1827,ANW
1828,WLH
1829,IVR
1830,RPD
1831,GLNG
1832,PETS
1833,TTI
1834,CETV
1835,THS
1836,RPXC
1837,AMBA
1838,RRD
1839,EDR
1840,AMKR
1841,MNTA
1842,TBI
1843,COUP
1844,MNKD
1845,ICPT
1846,MITK
1847,BHE
1848,PZZA
1849,BGI
1850,BCE
1851,GOVT
1852,POOL
1853,EQM
1854,MGRC
1855,MDCO
1856,FANH
1857,INFN
1858,MMSI
1859,SDOW
1860,PTN
1861,FCB
1862,ENIC
1863,SPXC
1864,HEWG
1865,ARCH
1866,AM
1867,TGI
1868,AWK
1869,REDU
1870,DEPO
1871,R
1872,SREV
1873,OA
1874,EXG
1875,BKH
1876,AVD
1877,CMCM
1878,UPLD
1879,HYS
1880,GPN
1881,COLM
1882,GLUU
1883,HE
1884,SJI
1885,DWT
1886,CCOI
1887,SEDG
1888,LLNW
1889,PBYI
1890,IRWD
1891,CSGS
1892,FBM
1893,VAR
1894,CNSL
1895,SUPN
1896,DPW
1897,UGI
1898,COLL
1899,SVU
1900,DRNA
1901,BKCC
1902,CBD
1903,SMG
1904,PACB
1905,AVDL
1906,APHB
1907,PGX
1908,JNCE
1909,SLVO
1910,WAT
1911,NLNK
1912,MUB
1913,FLOW
1914,MKSI
1915,CWT
1916,RESI
1917,NEAR
1918,MTB
1919,CRL
1920,AHGP
1921,KEYW
1922,CDK
1923,FDS
1924,JLL
1925,HSC
1926,LNTH
1927,SAIL
1928,OEF
1929,PNM
1930,VSAR
1931,AT
1932,PACW
1933,MXL
1934,OLLI
1935,SGYP
1936,LOCO
1937,RUSHA
1938,APPN
1939,RHE
1940,AVY
1941,EGLT
1942,WMS
1943,MCFT
1944,DHT
1945,AVA
1946,WLK
1947,PSA
1948,AAWW
1949,WIX
1950,USCR
1951,INO
1952,NTB
1953,AAOI
1954,ERI
1955,FOSL
1956,STE
1957,OSTK
1958,SCHE
1959,FOXF
1960,MDGS
1961,AZPN
1962,DCI
1963,FTAI
1964,DSS
1965,ONVO
1966,KERX
1967,AIZ
1968,IRBT
1969,SBLK
1970,CWST
1971,BURL
1972,LEG
1973,COR
1974,AAN
1975,SOI
1976,PRA
1977,GPMT
1978,EDZ
1979,NBLX
1980,WMIH
1981,INT
1982,UMBF
1983,LPG
1984,SOHU
1985,IPHI
1986,FGEN
1987,BAP
1988,BC
1989,FTR
1990,OCSL
1991,MBUU
1992,ACHN
1993,HTLF
1994,BLKB
1995,SNN
1996,CUBI
1997,ENPH
1998,CADE
1999,AJRD
2000,APAM
2001,DXGE
2002,PEI
2003,HLIT
2004,ST
2005,IPAR
2006,CRTO
2007,AKR
2008,CALI
2009,MRTX
2010,ZUMZ
2011,OAK
2012,BRSS
2013,CHKR
2014,MLI
2015,ROG
2016,UMC
2017,EWD
2018,QHC
2019,TSS
2020,BAND
2021,ABMD
2022,KEYS
2023,HRC
2024,SSP
2025,FRT
2026,NDSN
2027,LOXO
2028,ALSK
2029,ASC
2030,BATRK
2031,STC
2032,IRT
2033,FFBC
2034,DLTH
2035,LII
2036,SCHV
2037,OSG
2038,KTWO
2039,GOOS
2040,MRT
2041,AXTI
2042,EGRX
2043,BMO
2044,EVV
2045,DBVT
2046,EPAM
2047,GDEN
2048,PVH
2049,CRBP
2050,MTD
2051,BCRX
2052,ASNA
2053,TOWN
2054,CBPO
2055,FIVN
2056,EEV
2057,EGHT
2058,ESS
2059,JKHY
2060,INGR
2061,HT
2062,EPAY
2063,GTXI
2064,BAS
2065,CPHI
2066,EFAV
2067,ADSW
2068,WPC
2069,VRSK
2070,ICLR
2071,AQMS
2072,AWR
2073,DRRX
2074,VRA
2075,WLKP
2076,SNHY
2077,BFAM
2078,IOVA
2079,TEN
2080,SUP
2081,LL
2082,BID
2083,TRXC
2084,LEA
2085,APD
2086,OSUR
2087,AVT
2088,SXC
2089,SPLV
2090,ATTO
2091,DVY
2092,NVCR
2093,DAR
2094,PCH
2095,SAFM
2096,CRIS
2097,RMBS
2098,PRTK
2099,MLPI
2100,AJG
2101,RGA
2102,GMLP
2103,TAST
2104,KB
2105,OTEX
2106,FHB
2107,SANM
2108,SNV
2109,EUFN
2110,MOD
2111,MGI
2112,WBC
2113,NSH
2114,SNA
2115,ELGX
2116,KOPN
2117,CLDT
2118,AIMT
2119,OSBC
2120,BRKL
2121,DEO
2122,UNFI
2123,PFF
2124,ONDK
2125,SAH
2126,NVTA
2127,HZO
2128,TNK
2129,GSG
2130,SATS
2131,KANG
2132,SLGN
2133,IBKR
2134,VSM
2135,HMC
2136,GPI
2137,VLP
2138,CPA
2139,ROCK
2140,RNWK
2141,HOV
2142,ASTE
2143,BWP
2144,AVXS
2145,ACET
2146,CTLT
2147,ROBO
2148,DMRC
2149,CUTR
2150,UEPS
2151,AMCX
2152,CALD
2153,DXD
2154,NMM
2155,SAIC
2156,QLD
2157,DIOD
2158,RARE
2159,CQH
2160,INOV
2161,GOV
2162,TPX
2163,CBM
2164,MYOK
2165,BNFT
2166,VVR
2167,IYE
2168,PLYA
2169,CSFL
2170,CFFN
2171,HSII
2172,GDS
2173,UL
2174,LOPE
2175,FAC
2176,TCMD
2177,HVT
2178,EWQ
2179,GOLD
2180,RLI
2181,KEX
2182,SPYG
2183,SMTC
2184,OR
2185,XNCR
2186,B
2187,DIN
2188,SCHN
2189,OMN
2190,NM
2191,HSON
2192,UBSI
2193,HEZU
2194,FPRX
2195,GVA
2196,EVTC
2197,IVW
2198,SMCI
2199,FLXN
2200,HDGE
2201,DESP
2202,ODFL
2203,CFMS
2204,NVTR
2205,TGP
2206,VRP
2207,NFJ
2208,ENZ
2209,KRA
2210,NSU
2211,WLTW
2212,TRCO
2213,GGN
2214,QTM
2215,CDXS
2216,TFI
2217,FCFS
2218,MB
2219,I
2220,FSNN
2221,URG
2222,LTXB
2223,VREX
2224,KDMN
2225,CNS
2226,LM
2227,BITA
2228,LXU
2229,SON
2230,GDOT
2231,ROP
2232,NLS
2233,SITE
2234,LSXMK
2235,MSTR
2236,NFEC
2237,COHU
2238,RBA
2239,OTIC
2240,OPB
2241,BT
2242,ABAX
2243,CPRX
2244,ZIOP
2245,EFR
2246,GRMN
2247,SPDW
2248,MEDP
2249,TEF
2250,EXIV
2251,CSLT
2252,KEP
2253,CEIX
2254,GIL
2255,NEWM
2256,TYPE
2257,KYN
2258,NVGS
2259,MCC
2260,MCY
2261,TWOU
2262,MDGL
2263,AZUL
2264,TCS
2265,ACTG
2266,GATX
2267,EPC
2268,SRG
2269,AMWD
2270,CATY
2271,MSM
2272,COLB
2273,GBT
2274,GEF
2275,LOMA
2276,MPAA
2277,HCHC
2278,GGG
2279,BPFH
2280,TDS
2281,SYNT
2282,COWN
2283,MTH
2284,GTLS
2285,SKYW
2286,CONN
2287,EZPW
2288,GNL
2289,BXC
2290,NPO
2291,RCI
2292,LFIN
2293,BSMX
2294,MHLD
2295,MLNX
2296,AERI
2297,BAK
2298,SOXX
2299,SEM
2300,AST
2301,REN
2302,CCU
2303,KPTI
2304,WAGE
2305,GEL
2306,AVID
2307,HEP
2308,SLDB
2309,GNRC
2310,WD
2311,SCHG
2312,SHLO
2313,DNB
2314,AMID
2315,TBBK
2316,IVC
2317,TOUR
2318,ESND
2319,ITT
2320,MTRX
2321,APLP
2322,EPOL
2323,BIV
2324,SPWR
2325,CHH
2326,TMK
2327,SPYV
2328,TOT
2329,BDJ
2330,PGTI
2331,MDP
2332,SLAB
2333,DATA
2334,WWE
2335,RNG
2336,EHC
2337,PEGA
2338,NOVT
2339,DTE
2340,MYGN
2341,DEA
2342,MINI
2343,PXLW
2344,BRS
2345,DGRO
2346,ERF
2347,AEIS
2348,ETV
2349,LHCG
2350,NDAQ
2351,NFG
2352,WSFS
2353,CNNE
2354,WCC
2355,BRC
2356,PIRS
2357,AAT
2358,ENR
2359,NSA
2360,ABIO
2361,RFP
2362,SRRA
2363,EE
2364,NXEO
2365,VRTU
2366,COTV
2367,MMYT
2368,MEET
2369,UTHR
2370,CALM
2371,ALRM
2372,USAC
2373,MKTX
2374,LSCC
2375,PTGX
2376,WSR
2377,RWT
2378,ECPG
2379,MCRN
2380,SFL
2381,AME
2382,BKNG
2383,DCT
2384,CSTE
2385,BOFI
2386,QNST
2387,SR
2388,SHLD
2389,PMTS
2390,SIMO
2391,AMED
2392,HRTG
2393,EUM
2394,IGF
2395,VNET
2396,AYX
2397,UBSH
2398,CHRS
2399,KEM
2400,BWB
2401,BEDU
2402,CIB
2403,PES
2404,FSP
2405,IIIN
2406,BLD
2407,HFWA
2408,SCSC
2409,QADA
2410,SALT
2411,BHLB
2412,CASI
2413,TSC
2414,STB
2415,RE
2416,LUNA
2417,FBC
2418,CLS
2419,EVLV
2420,PHK
2421,SFNC
2422,GBX
2423,DGRW
2424,GWR
2425,VRS
2426,HUBB
2427,EPP
2428,PPDF
2429,GLOW
2430,EWM
2431,GTT
2432,PBA
2433,LTS
2434,UAN
2435,GMED
2436,VERU
2437,PB
2438,VVI
2439,TSRO
2440,EGL
2441,MRCY
2442,VSI
2443,TU
2444,LCII
2445,IBKC
2446,ICFI
2447,ACIW
2448,ADX
2449,ONCE
2450,PTCT
2451,TFSL
2452,ATNM
2453,CSU
2454,RRGB
2455,HUD
2456,CECE
2457,IART
2458,CHU
2459,VB
2460,APTS
2461,III
2462,JILL
2463,STBZ
2464,YRCW
2465,CNAT
2466,WWW
2467,LXRX
2468,PRAA
2469,CLM
2470,COBZ
2471,RPT
2472,STMP
2473,SCVL
2474,CORE
2475,AFG
2476,KRNT
2477,CYD
2478,MYRG
2479,BANR
2480,CRESY
2481,HIFR
2482,XT
2483,IUSG
2484,FPH
2485,MNR
2486,FN
2487,CPK
2488,ORC
2489,SLF
2490,KL
2491,VSAT
2492,CHFC
2493,WK
2494,ADMS
2495,FUN
2496,SIGI
2497,SCHA
2498,CACI
2499,BBOX
2500,RMTI
2501,SUPV
2502,ALKS
2503,CRAY
2504,GLDD
2505,BOH
2506,FIZZ
2507,LIQT
2508,CEPU
2509,VVC
2510,SBBP
2511,DORM
2512,EVBG
2513,IGOV
2514,AKCA
2515,AEMD
2516,ENV
2517,AIN
2518,CAE
2519,ATRS
2520,QES
2521,NUV
2522,HXL
2523,SPHD
2524,SWM
2525,TUSK
2526,HBHC
2527,EME
2528,VUZI
2529,OFG
2530,SSLJ
2531,GLT
2532,IUSV
2533,PHG
2534,DUST
2535,FMI
2536,MERC
2537,HEES
2538,CMO
2539,BXMX
2540,AZO
2541,AMZA
2542,AGFS
2543,WCG
2544,IDV
2545,JKS
2546,SNCR
2547,PTI
2548,LKSD
2549,TM
2550,UVV
2551,VNM
2552,EIGI
2553,BIOC
2554,HUBG
2555,LAD
2556,TWI
2557,SNBR
2558,RYAM
2559,LOGI
2560,DCO
2561,FLWS
2562,HYT
2563,FCPT
2564,EBIX
2565,UDOW
2566,ENBL
2567,MTUM
2568,NYRT
2569,MFG
2570,ANAB
2571,ABUS
2572,SCG
2573,CBB
2574,MSG
2575,ANSS
2576,STML
2577,NVRO
2578,MMS
2579,HTGC
2580,CBRL
2581,GEN
2582,ADXS
2583,ITRI
2584,EMES
2585,TEP
2586,GBCI
2587,NR
2588,ERII
2589,CLMT
2590,RVT
2591,AINV
2592,FMS
2593,DST
2594,EMD
2595,RDY
2596,CERS
2597,LIT
2598,SDRL
2599,BL
2600,NCI
2601,TLK
2602,SSYS
2603,GUNR
2604,HTH
2605,LKFN
2606,ANGO
2607,PKX
2608,SVM
2609,ENT
2610,WGL
2611,AEGN
2612,AXE
2613,BTX
2614,LE
2615,ACIA
2616,HAWK
2617,PAG
2618,PRIM
2619,CTMX
2620,OPHT
2621,RDUS
2622,FLRN
2623,BBGI
2624,CASH
2625,SITO
2626,PINC
2627,GWPH
2628,EGIF
2629,SFBS
2630,SMPL
2631,FNKO
2632,CVRR
2633,RBS
2634,SSTK
2635,DCM
2636,ZBRA
2637,BMA
2638,BGG
2639,GABC
2640,NCMI
2641,PCSB
2642,ERUS
2643,EROS
2644,HIVE
2645,INST
2646,FDP
2647,MGLN
2648,BOJA
2649,ADMP
2650,EEQ
2651,EDIT
2652,TLRA
2653,BGY
2654,AB
2655,DGAZ
2656,GAIA
2657,PRGS
2658,TRMK
2659,ACRS
2660,MSGN
2661,NUS
2662,SPSC
2663,EFSC
2664,BOKF
2665,MD
2666,PSMT
2667,FTK
2668,UVSP
2669,OCFC
2670,RADA
2671,PAM
2672,BND
2673,EZA
2674,GOGL
2675,CNCE
2676,CCRN
2677,JBT
2678,PJT
2679,RUBI
2680,BKE
2681,RHP
2682,IRTC
2683,ADC
2684,SMIN
2685,ENVA
2686,QTNT
2687,CMRE
2688,EGAN
2689,ZGNX
2690,TPIC
2691,ARW
2692,NEA
2693,TA
2694,AMG
2695,FRTA
2696,EFV
2697,INWK
2698,PI
2699,NMR
2700,FPE
2701,BLV
2702,UCFC
2703,MNRO
2704,CWI
2705,FMBI
2706,ACLS
2707,ITCI
2708,LSI
2709,NOBL
2710,CSJ
2711,VIVO
2712,TCAP
2713,MCHX
2714,EPR
2715,GEM
2716,IGD
2717,EWS
2718,CRAI
2719,DSGX
2720,ORIT
2721,CTIC
2722,JASO
2723,GUT
2724,AIT
2725,HCM
2726,TTS
2727,TREE
2728,MODN
2729,AXAS
2730,OUNZ
2731,CTSO
2732,KIE
2733,SNX
2734,ACOR
2735,PCTY
2736,TX
2737,BSAC
2738,ALIM
2739,LILAK
2740,PTR
2741,ASUR
2742,UTG
2743,SSL
2744,GSS
2745,HMN
2746,VMBS
2747,NTLA
2748,AEHR
2749,BMI
2750,CHCT
2751,MSBI
2752,GNMK
2753,HLNE
2754,XES
2755,HHC
2756,DLS
2757,PMT
2758,APPS
2759,SHAK
2760,GOLF
2761,WTTR
2762,APU
2763,VYGR
2764,DOOR
2765,LGND
2766,EBSB
2767,CENTA
2768,EGP
2769,SNPS
2770,FCEL
2771,PSO
2772,AOD
2773,EEX
2774,UIHC
2775,VCV
2776,BIO
2777,E
2778,MIME
2779,GHDX
2780,KRC
2781,RVNC
2782,NATI
2783,CRR
2784,ACCO
2785,PLXS
2786,TRNO
2787,ASGN
2788,CVNA
2789,MANT
2790,FEN
2791,GSUM
2792,OMAB
2793,VNOM
2794,TCPC
2795,IBTX
2796,ZN
2797,DSPG
2798,FWONA
2799,GER
2800,QTRX
2801,ZEAL
2802,ATKR
2803,UHAL
2804,SJR
2805,SIGM
2806,BOLD
2807,AI
2808,SA
2809,BCOV
2810,ACBI
2811,CVBF
2812,ISCA
2813,NGVT
2814,BY
2815,LSXMA
2816,PATK
2817,AGQ
2818,INUV
2819,SYNC
2820,VBLT
2821,VMI
2822,CHSP
2823,HF
2824,BPMC
2825,SASR
2826,AYR
2827,CLD
2828,NBRV
2829,PGAL
2830,TVTY
2831,VGT
2832,FCN
2833,ATOM
2834,WEX
2835,AQXP
2836,NXST
2837,CCIH
2838,CURO
2839,KODK
2840,MTRN
2841,TECH
2842,WING
2843,VDSI
2844,UBNK
2845,ALO
2846,HAFC
2847,FI
2848,ADES
2849,ATRA
2850,BOOM
2851,GLYC
2852,SPH
2853,GCAP
2854,NEWR
2855,VCRA
2856,SHV
2857,FXE
2858,BZH
2859,PRI
2860,FTSM
2861,TCO
2862,EXLS
2863,DM
2864,QLYS
2865,QURE
2866,RTRX
2867,STAR
2868,WIFI
2869,CLSD
2870,FNDE
2871,ICUI
2872,WVE
2873,MNTX
2874,LSTR
2875,LTC
2876,ELS
2877,TGS
2878,CDR
2879,BHBK
2880,ABDC
2881,VGZ
2882,ARTX
2883,BIF
2884,IGHG
2885,NAK
2886,ASIX
2887,GMZ
2888,SYBX
2889,TEO
2890,WASH
2891,XLRN
2892,RMNI
2893,LMAT
2894,HMI
2895,SRT
2896,IMDZ
2897,BPY
2898,CBZ
2899,BLRX
2900,KIRK
2901,BSCK
2902,CDZI
2903,SAIA
2904,CRMD
2905,IPOA
2906,PIN
2907,RQI
2908,THM
2909,IDSY
2910,SHY
2911,RRTS
2912,INSY
2913,OGS
2914,RWO
2915,AY
2916,USLV
2917,CMD
2918,LBY
2919,VSS
2920,RBC
2921,SCHM
2922,CIO
2923,THD
2924,FNJN
2925,ADUS
2926,FTEC
2927,LBAI
2928,NWE
2929,PLT
2930,HTM
2931,GOL
2932,ELF
2933,VAC
2934,GNBC
2935,OMCL
2936,UFPI
2937,IBOC
2938,ZAGG
2939,VEC
2940,WBK
2941,CSQ
2942,HELE
2943,CRHM
2944,FGP
2945,IIF
2946,NIB
2947,XSPA
2948,BRG
2949,GSV
2950,PCMI
2951,AIR
2952,POL
2953,MINT
2954,EBR
2955,TRVG
2956,HIIQ
2957,SIEN
2958,HASI
2959,CVI
2960,CPLP
2961,JOBS
2962,FOGO
2963,SPAB
2964,AWF
2965,BXG
2966,FBK
2967,IYZ
2968,FAX
2969,SHYG
2970,NICE
2971,KALU
2972,ACC
2973,RELX
2974,CAMP
2975,ICON
2976,JE
2977,ASPS
2978,RGS
2979,BNO
2980,ZIXI
2981,ACWV
2982,ITGR
2983,CGBD
2984,EWN
2985,MNLO
2986,BSF
2987,RGEN
2988,BPI
2989,KRO
2990,SB
2991,AOSL
2992,CVGW
2993,DSKE
2994,DGICA
2995,CCO
2996,TUES
2997,GXC
2998,SILC
2999,RGLD
3000,ARLZ
3001,GBDC
3002,IFGL
3003,OCSI
3004,TSG
3005,EBS
3006,EURN
3007,QTWO
3008,SNLN
3009,SAGE
3010,NOA
3011,APVO
3012,CALX
3013,PLAB
3014,RARX
3015,AGYS
3016,RSO
3017,AHT
3018,CALA
3019,TGH
3020,CG
3021,EVA
3022,RPV
3023,ATR
3024,TRST
3025,SYKE
3026,TEDU
3027,FWRD
3028,ABG
3029,LBC
3030,MARA
3031,DS
3032,FLIC
3033,ARDX
3034,ARR
3035,ADAP
3036,BIL
3037,ATGE
3038,WHD
3039,BSV
3040,LEXEA
3041,LECO
3042,PID
3043,TRVN
3044,JPS
3045,FSB
3046,SPHQ
3047,CATO
3048,SGOL
3049,MTX
3050,BOE
3051,FENG
3052,VTL
3053,LJPC
3054,TREX
3055,FTS
3056,VV
3057,CCS
3058,CHUY
3059,FDN
3060,MLNT
3061,CLB
3062,CTRN
3063,VSTM
3064,CIT
3065,UTI
3066,GPL
3067,INTT
3068,BGB
3069,IBP
3070,CENT
3071,SPTN
3072,NML
3073,NSIT
3074,AMRS
3075,EQBK
3076,SEAC
3077,RVLT
3078,JMF
3079,RNGR
3080,INAP
3081,ACWX
3082,ARGX
3083,RACE
3084,STKL
3085,VFH
3086,ROL
3087,KOP
3088,STAA
3089,TCRD
3090,LFUS
3091,CYBR
3092,ULTI
3093,ESL
3094,APOG
3095,MPWR
3096,MBIN
3097,HI
3098,CRED
3099,PZA
3100,FELE
3101,SSB
3102,LAYN
3103,WBAI
3104,ADMA
3105,ETY
3106,GLP
3107,ICLN
3108,ITRN
3109,RYB
3110,MAIN
3111,INNT
3112,CAFD
3113,LANC
3114,PRGX
3115,CHDN
3116,DQ
3117,TYL
3118,AKTS
3119,SLP
3120,RICK
3121,AVAL
3122,PER
3123,ENTA
3124,DJP
3125,EXPO
3126,IXC
3127,INDY
3128,FRGI
3129,HBIO
3130,SEND
3131,DAKT
3132,EFG
3133,AREX
3134,AAON
3135,SKY
3136,FPL
3137,NSTG
3138,MOV
3139,HSEB
3140,GTS
3141,JRO
3142,CDMO
3143,ARC
3144,KFY
3145,CQQQ
3146,GIB
3147,MDY
3148,BCEI
3149,DFIN
3150,NNI
3151,ESIO
3152,FLDM
3153,COGT
3154,EVF
3155,IBDD
3156,NTG
3157,CGIX
3158,ZOES
3159,RMAX
3160,VCLT
3161,CRVS
3162,HRI
3163,LDL
3164,PRLB
3165,BIT
3166,TECD
3167,HAIR
3168,MMI
3169,CR
3170,CEQP
3171,CRWS
3172,LNN
3173,EDC
3174,TCBK
3175,VMIN
3176,PTX
3177,SODA
3178,SNDX
3179,CLNC
3180,INGN
3181,GDV
3182,JONE
3183,GSBC
3184,PEN
3185,MTGE
3186,AGR
3187,ANIP
3188,CETX
3189,FRN
3190,FXC
3191,GNCA
3192,LQDT
3193,PRSC
3194,SCJ
3195,TKC
3196,VMO
3197,CRK
3198,CYOU
3199,FATE
3200,NWN
3201,OSS
3202,TSQ
3203,PDVW
3204,CODI
3205,RDVY
3206,PBPB
3207,WAAS
3208,CRF
3209,IGR
3210,NANO
3211,TACO
3212,AVAV
3213,SPEM
3214,IPGP
3215,TTOO
3216,SAM
3217,DSX
3218,IIPR
3219,AMPH
3220,CNMD
3221,DOG
3222,HDNG
3223,HEQ
3224,NDLS
3225,TNH
3226,VWOB
3227,ABCB
3228,BPMP
3229,PJC
3230,CEN
3231,CYTK
3232,NTGR
3233,ITA
3234,FONR
3235,UNF
3236,RDWR
3237,JDST
3238,FTXO
3239,GIFI
3240,BGSF
3241,CACC
3242,EMO
3243,OSIS
3244,NEP
3245,EPM
3246,CNA
3247,CRY
3248,SRLN
3249,FXY
3250,LAUR
3251,SSD
3252,AMBC
3253,BEL
3254,TSLX
3255,GBNK
3256,AXON
3257,CLUB
3258,DON
3259,OXLC
3260,PVAC
3261,TWM
3262,OLBK
3263,IYF
3264,TNC
3265,EIM
3266,OZM
3267,PNNT
3268,AGIO
3269,UGP
3270,CO
3271,VCSH
3272,TDY
3273,SFE
3274,TRTX
3275,PHYS
3276,DFE
3277,RUTH
3278,SRCE
3279,HURN
3280,MNDO
3281,UGAZ
3282,FTD
3283,PSDO
3284,HABT
3285,AKG
3286,CSS
3287,EARS
3288,HLTH
3289,IGE
3290,SRI
3291,WLDN
3292,MEI
3293,SBSI
3294,OPTT
3295,WSC
3296,QCRH
3297,HSKA
3298,CVTI
3299,USPH
3300,JOE
3301,RMR
3302,CARA
3303,CMRX
3304,WATT
3305,CEI
3306,TARO
3307,SOXL
3308,HIX
3309,SBCF
3310,TRTN
3311,NNBR
3312,SBT
3313,PARR
3314,MLPA
3315,OSB
3316,SSTI
3317,ASA
3318,ASNS
3319,NNA
3320,PRPO
3321,SPKE
3322,REX
3323,EXTN
3324,IVTY
3325,FRME
3326,WLB
3327,CBPX
3328,IDCC
3329,TMV
3330,TUR
3331,AWP
3332,ROLL
3333,SNNA
3334,NSSC
3335,ECH
3336,NEO
3337,FPI
3338,GLOB
3339,EMKR
3340,BNED
3341,FBNC
3342,LGCY
3343,DOVA
3344,SLRC
3345,CPF
3346,FNCL
3347,DSL
3348,HEWP
3349,ISTB
3350,MTBC
3351,NEON
3352,NXE
3353,PBFX
3354,RCUS
3355,AMRC
3356,TOWR
3357,SD
3358,EGLE
3359,MTEM
3360,EGBN
3361,THG
3362,NOAH
3363,IDA
3364,MED
3365,FRBK
3366,PEBO
3367,AMRWW
3368,IWN
3369,ODT
3370,LOB
3371,SHOS
3372,ETJ
3373,FMHI
3374,MCRI
3375,NSL
3376,CRNT
3377,RTEC
3378,WMK
3379,IDT
3380,AHP
3381,WEB
3382,INSG
3383,ROYT
3384,RTTR
3385,SDIV
3386,TNP
3387,NGS
3388,CPSI
3389,AGS
3390,SCPH
3391,GPRK
3392,TRNC
3393,CLCT
3394,CDXC
3395,BBSI
3396,FOR
3397,PPT
3398,VLRS
3399,ASMB
3400,BSJJ
3401,CIR
3402,IPHS
3403,FARO
3404,THR
3405,LLEX
3406,PWV
3407,RNR
3408,PICO
3409,CHE
3410,JRVR
3411,NBTB
3412,CMTL
3413,CRSP
3414,DHX
3415,EHIC
3416,EWO
3417,IVAC
3418,WG
3419,TIS
3420,VICL
3421,KFRC
3422,MUC
3423,SMI
3424,CDTX
3425,CNOB
3426,GLAD
3427,KMG
3428,PRF
3429,UFCS
3430,CCMP
3431,TRS
3432,NSP
3433,BBN
3434,DFRG
3435,NZF
3436,MEIP
3437,CLNE
3438,XOXO
3439,LKM
3440,OMEX
3441,CBU
3442,XENT
3443,CRME
3444,EVM
3445,IGV
3446,PXMG
3447,QUAL
3448,TCON
3449,VKI
3450,NX
3451,STRA
3452,EWZS
3453,JAKK
3454,NERV
3455,RECN
3456,EARN
3457,ATNX
3458,NYMX
3459,ALNA
3460,AVX
3461,MYO
3462,FCSC
3463,PDFS
3464,MVIS
3465,TBK
3466,DWX
3467,PFSI
3468,DSE
3469,AQN
3470,ARMO
3471,CHIQ
3472,FIBK
3473,DEUS
3474,EDD
3475,FEI
3476,GPX
3477,MARK
3478,MCA
3479,OPTN
3480,QTNA
3481,TLH
3482,VOC
3483,CHUBA
3484,SRV
3485,ETO
3486,FCG
3487,CRCM
3488,BLCM
3489,FFIN
3490,RGNX
3491,APPF
3492,KE
3493,ASR
3494,EBIO
3495,MBRX
3496,AFMD
3497,ASYS
3498,APEI
3499,HYGS
3500,PSB
3501,GORO
3502,MN
3503,NITE
3504,AFI
3505,TECL
3506,VICR
3507,MORN
3508,EIGR
3509,ATRC
3510,EMLP
3511,ICD
3512,CW
3513,IWR
3514,APLS
3515,CFO
3516,ILTB
3517,ALE
3518,Y
3519,HZN
3520,UEIC
3521,KOL
3522,AFH
3523,AQ
3524,AUTO
3525,CKPT
3526,HTBI
3527,IDN
3528,KOF
3529,LYTS
3530,PHI
3531,RIF
3532,SPHB
3533,CTR
3534,UBNT
3535,MFL
3536,YINN
3537,ORA
3538,CMPR
3539,ESTE
3540,SHM
3541,VKQ
3542,EDGE
3543,SRDX
3544,OCUL
3545,WSBC
3546,RAS
3547,PFBC
3548,CARG
3549,EMAN
3550,EPZM
3551,WMC
3552,TAN
3553,LX
3554,AIMC
3555,MFNC
3556,AUO
3557,ADRO
3558,ARII
3559,CHI
3560,CLY
3561,LEJU
3562,SCHH
3563,SIVR
3564,NCZ
3565,UTF
3566,IBND
3567,CIU
3568,GHY
3569,HMTV
3570,PAC
3571,KYO
3572,CTEK
3573,ABIL
3574,IWS
3575,PLX
3576,IEI
3577,NVEE
3578,ATRO
3579,CFRX
3580,AZZ
3581,SJT
3582,DX
3583,IO
3584,VO
3585,IWV
3586,KLXI
3587,BLX
3588,ENSG
3589,SXCP
3590,MXWL
3591,TOCA
3592,CYBE
3593,EFC
3594,ACP
3595,AMTX
3596,ICL
3597,MIE
3598,MSF
3599,NHF
3600,PHD
3601,RWLK
3602,INB
3603,NBEV
3604,TDTT
3605,ECOL
3606,SMHI
3607,SHEN
3608,AVH
3609,TOO
3610,ITI
3611,ROX
3612,GV
3613,HNI
3614,LPTX
3615,NEU
3616,TIER
3617,FSS
3618,IWP
3619,HCI
3620,IFMK
3621,NXRT
3622,QQQX
3623,FRPH
3624,GUSH
3625,HOS
3626,ISD
3627,IWY
3628,JASN
3629,MRIN
3630,NLST
3631,NUM
3632,NVG
3633,PHT
3634,PIM
3635,PRTS
3636,RLH
3637,TYG
3638,VBTX
3639,WSCWW
3640,UWT
3641,FRO
3642,HY
3643,BCPC
3644,CLH
3645,USNA
3646,OTTR
3647,WGP
3648,CTO
3649,VBIV
3650,BIZD
3651,EPHE
3652,TBPH
3653,WPP
3654,ANCX
3655,PAHC
3656,QUIK
3657,FNDX
3658,AOI
3659,ALDX
3660,AMU
3661,BBRG
3662,CKH
3663,IFN
3664,OBE
3665,ONTX
3666,RST
3667,RYE
3668,TLI
3669,TREC
3670,WWR
3671,MATX
3672,ANGL
3673,HCKT
3674,BOMN
3675,WSBF
3676,PKE
3677,JRS
3678,FFG
3679,MAXR
3680,JAGX
3681,CSII
3682,OXM
3683,BSJI
3684,FXP
3685,PFLT
3686,CMT
3687,ALGT
3688,MFIN
3689,PKD
3690,QYLD
3691,LABU
3692,FNHC
3693,ASV
3694,AVHI
3695,BPK
3696,FSV
3697,JDD
3698,NAUH
3699,PFXF
3700,RDI
3701,RTIX
3702,SCON
3703,SMLP
3704,OMED
3705,HTBK
3706,CLXT
3707,KNSL
3708,DDM
3709,METC
3710,STIP
3711,NEOG
3712,GTY
3713,WTS
3714,BFZ
3715,HMST
3716,FFIC
3717,CPL
3718,GNMX
3719,ECOM
3720,CEO
3721,GALT
3722,BBW
3723,IMKTA
3724,SPSM
3725,NRK
3726,RAIL
3727,KSA
3728,INPX
3729,INDB
3730,IWO
3731,GSLC
3732,CWAY
3733,AUPH
3734,AVK
3735,BSJK
3736,HIO
3737,LN
3738,NK
3739,NMZ
3740,OILD
3741,PTY
3742,SGY
3743,CECO
3744,TR
3745,CABO
3746,LCUT
3747,IDOG
3748,BWX
3749,ERIE
3750,AAC
3751,BCX
3752,GIM
3753,GPM
3754,HSTM
3755,EEMV
3756,AGM
3757,DFFN
3758,VIVE
3759,AGII
3760,KEG
3761,UMH
3762,FIX
3763,FDUS
3764,ANAT
3765,RENX
3766,CIVB
3767,RKDA
3768,XSLV
3769,MORL
3770,OFIX
3771,KVHI
3772,TTGT
3773,HQH
3774,IWX
3775,ARCB
3776,WABC
3777,ACRX
3778,CAF
3779,CAI
3780,CNBKA
3781,DXJS
3782,GLMD
3783,GLOP
3784,ITM
3785,LODE
3786,MATR
3787,MDWD
3788,MG
3789,NOVN
3790,OIA
3791,OILU
3792,OPESU
3793,PCK
3794,TANH
3795,TEI
3796,TTT
3797,UNT
3798,VHC
3799,ZFGN
3800,ZSAN
3801,BKF
3802,VHI
3803,PUK
3804,CCXI
3805,UBFO
3806,CNXN
3807,JAX
3808,SONA
3809,ARA
3810,CPLA
3811,DLB
3812,HAYN
3813,TCX
3814,TPB
3815,KIN
3816,LABL
3817,CII
3818,DWM
3819,SPMD
3820,SPLG
3821,MACK
3822,ACST
3823,THQ
3824,EZM
3825,MCR
3826,IYW
3827,BTO
3828,FFWM
3829,BLOK
3830,BIP
3831,CAC
3832,NATH
3833,ANDE
3834,CTWS
3835,WIW
3836,YUMA
3837,CARO
3838,MCS
3839,GOOD
3840,CIA
3841,CLW
3842,AMRK
3843,ATHX
3844,CCD
3845,CEM
3846,COOL
3847,DGII
3848,ESES
3849,GMRE
3850,IHD
3851,IXN
3852,KRYS
3853,NTIP
3854,ORN
3855,PEY
3856,PLXP
3857,SLGL
3858,SPEX
3859,VLGEA
3860,YTRA
3861,JO
3862,MKL
3863,FNDB
3864,ALOG
3865,EOI
3866,KYE
3867,WRLD
3868,NAVG
3869,QAI
3870,FICO
3871,GRC
3872,OLP
3873,PZN
3874,SYBT
3875,FTF
3876,HWKN
3877,PICB
3878,DHY
3879,SJW
3880,GFF
3881,LRGF
3882,DRIP
3883,CHY
3884,LEO
3885,TORC
3886,VISI
3887,CEVA
3888,FLY
3889,AGX
3890,XOMA
3891,SMP
3892,BSE
3893,NVIV
3894,AIA
3895,CGG
3896,DCAR
3897,EFZ
3898,GNK
3899,HCCI
3900,HQL
3901,IGI
3902,ILPT
3903,JPGE
3904,KIDS
3905,PFN
3906,PULM
3907,SCYX
3908,SECO
3909,XPL
3910,FFKT
3911,CHW
3912,EIG
3913,BST
3914,CHCO
3915,STK
3916,NXTD
3917,IBCP
3918,DNP
3919,INSW
3920,NCV
3921,DCIX
3922,FLKS
3923,PCN
3924,IBDL
3925,CHT
3926,SLD
3927,EAD
3928,MBWM
3929,ETW
3930,RCKY
3931,KAMN
3932,ZIV
3933,USM
3934,POWI
3935,TDW
3936,HIL
3937,NCOM
3938,NAD
3939,OOMA
3940,NTRA
3941,PGC
3942,MSL
3943,EPV
3944,UVE
3945,ATAX
3946,BTZ
3947,CXE
3948,DPG
3949,EDOM
3950,FFC
3951,FPF
3952,FXF
3953,FXN
3954,IBLN
3955,MBOT
3956,MIXT
3957,MOTS
3958,MTL
3959,NEXT
3960,NFBK
3961,NL
3962,NRO
3963,OTIV
3964,PCI
3965,RVRS
3966,UGL
3967,UGLD
3968,USEG
3969,VTA
3970,SHG
3971,MQT
3972,APTO
3973,ABCD
3974,CORR
3975,FXR
3976,REV
3977,ARGT
3978,EGY
3979,MRSN
3980,VHT
3981,VBK
3982,CBA
3983,SYX
3984,GHM
3985,GWX
3986,GCO
3987,SNSS
3988,JBSS
3989,CUB
3990,RGR
3991,QTEC
3992,LPTH
3993,MITT
3994,REGL
3995,TTEC
3996,FISI
3997,VCYT
3998,CGEN
3999,SMM
4000,FM
4001,JPC
4002,MOFG
4003,REM
4004,IPKW
4005,NVR
4006,RNST
4007,ULBI
4008,FOMX
4009,SCHC
4010,ESE
4011,FBMS
4012,ACIU
4013,KELYA
4014,TMP
4015,MGEN
4016,SQBG
4017,WIP
4018,ACRE
4019,IMOS
4020,HFRO
4021,SPOK
4022,ABTX
4023,BYBK
4024,CAMT
4025,DCF
4026,DGLD
4027,DGS
4028,ERY
4029,HMLP
4030,MCBC
4031,MDIV
4032,NIM
4033,NRP
4034,PBT
4035,PLUS
4036,SDLP
4037,SELB
4038,TBF
4039,THFF
4040,YIN
4041,FGB
4042,GDP
4043,RFIL
4044,NCSM
4045,PRFT
4046,PFS
4047,CSWI
4048,MPA
4049,TPHS
4050,DCUD
4051,ECON
4052,HYLB
4053,DEM
4054,BLBD
4055,NCNA
4056,BSCM
4057,KMPH
4058,CDTI
4059,PDP
4060,ZLAB
4061,AMSC
4062,RCKT
4063,VNQI
4064,TGB
4065,FBT
4066,YRD
4067,AOM
4068,FGM
4069,GLO
4070,RWM
4071,LEMB
4072,GAIN
4073,JRI
4074,LRN
4075,RAVN
4076,GNT
4077,GXG
4078,MBIO
4079,SIFI
4080,ARDC
4081,CEV
4082,CLSN
4083,COPX
4084,ECC
4085,EFT
4086,EHI
4087,EOD
4088,ETG
4089,FSD
4090,HLG
4091,IFRX
4092,IRR
4093,JGH
4094,KMM
4095,KNOP
4096,LION
4097,LMBS
4098,MMAC
4099,MYJ
4100,NAO
4101,OAKS
4102,OCX
4103,RENN
4104,SMRT
4105,TRK
4106,VRTV
4107,WKHS
4108,TSI
4109,CLLS
4110,JJSF
4111,NTEC
4112,TTEK
4113,CTBI
4114,REMX
4115,CCF
4116,YCS
4117,FVD
4118,HAWX
4119,IHG
4120,RFDA
4121,BATRA
4122,DZZ
4123,INTL
4124,FBIO
4125,KIO
4126,BSRR
4127,CORI
4128,EDUC
4129,SOR
4130,FDEF
4131,PSLV
4132,NVMI
4133,PXJ
4134,ESXB
4135,KMF
4136,KWEB
4137,FLXS
4138,VALU
4139,RIBT
4140,DDWM
4141,ABLX
4142,HACK
4143,MYE
4144,CWEB
4145,PMF
4146,GLPG
4147,RLGT
4148,ZMLP
4149,FC
4150,NC
4151,APT
4152,EWX
4153,EVI
4154,AGRX
4155,AGTC
4156,ALLT
4157,BANX
4158,BFK
4159,CANE
4160,CBIO
4161,CEA
4162,CNET
4163,DCPH
4164,HBB
4165,HBP
4166,HOFT
4167,HYZD
4168,ICLK
4169,IFON
4170,IGA
4171,IIM
4172,IPCI
4173,ISTR
4174,KBAL
4175,LNDC
4176,NAN
4177,NDP
4178,NTRSP
4179,NWPX
4180,PRCP
4181,PRFZ
4182,RM
4183,SYRS
4184,UTL
4185,WNEB
4186,ZEUS
4187,MVF
4188,ERM
4189,DKT
4190,NYF
4191,SCL
4192,ASCMA
4193,RSYS
4194,SALM
4195,EOS
4196,NEWT
4197,NH
4198,HBMD
4199,REIS
4200,SPXX
4201,SPNE
4202,FORR
4203,IYT
4204,NTP
4205,STRL
4206,MFSF
4207,BLCN
4208,MRUS
4209,RILY
4210,RUSL
4211,DBL
4212,MUI
4213,EPU
4214,TAX
4215,IMUC
4216,RJA
4217,NIE
4218,TLTE
4219,ASG
4220,STCN
4221,GRAM
4222,ACFC
4223,MMLP
4224,HBNC
4225,CUE
4226,INFU
4227,CHAD
4228,PCEF
4229,RPG
4230,MGNX
4231,TDIV
4232,BSCO
4233,RFAP
4234,AMEH
4235,STN
4236,AXSM
4237,GHC
4238,IBMJ
4239,CIK
4240,HYLD
4241,JTPY
4242,DCOM
4243,AMOT
4244,BIB
4245,BKEP
4246,BRT
4247,BWFG
4248,CPER
4249,CSBK
4250,CSV
4251,CVU
4252,DNI
4253,DSM
4254,EBF
4255,EVT
4256,FMBH
4257,FMO
4258,FOF
4259,FTCS
4260,GEOS
4261,HNP
4262,HTBX
4263,IBMI
4264,IDE
4265,IEUS
4266,INBK
4267,IYK
4268,KALV
4269,KED
4270,KONA
4271,LIND
4272,LVHI
4273,MCRB
4274,MMT
4275,MMU
4276,NTWK
4277,NUDM
4278,PANL
4279,PNQI
4280,PPA
4281,PXH
4282,RCS
4283,REPH
4284,RFDI
4285,SVVC
4286,SZC
4287,TYHT
4288,URE
4289,VGM
4290,VIXM
4291,ZSL
4292,DRV
4293,DSU
4294,MRAM
4295,VOE
4296,KALA
4297,WDFC
4298,CNIT
4299,BCBP
4300,TNAV
4301,EMQQ
4302,IQI
4303,SPYD
4304,DAVE
4305,GARS
4306,SRTY
4307,QINC
4308,NP
4309,PSTI
4310,BHB
4311,FVE
4312,WTM
4313,LILA
4314,IPE
4315,DELT
4316,EELV
4317,IBIO
4318,IEP
4319,MJ
4320,VOT
4321,CURE
4322,LMNR
4323,VNRX
4324,AGLE
4325,RYTM
4326,CELH
4327,WEYS
4328,QEFA
4329,SBOW
4330,CHMI
4331,CERC
4332,MOTI
4333,SCIF
4334,DMF
4335,RDIV
4336,ALOT
4337,AFB
4338,PDBC
4339,CBMG
4340,ENY
4341,GOF
4342,PSDV
4343,RBB
4344,DFJ
4345,STKS
4346,VOXX
4347,ESGR
4348,JFR
4349,RIOT
4350,SORL
4351,AOK
4352,ASND
4353,BSM
4354,BTAI
4355,CBK
4356,CRMT
4357,CVCY
4358,CVY
4359,CWCO
4360,DBGR
4361,DGRE
4362,EHTH
4363,EOCC
4364,ESNC
4365,FEU
4366,FREL
4367,GLL
4368,GROW
4369,IBMH
4370,IJT
4371,IPAY
4372,IQDF
4373,IRL
4374,JCAP
4375,JTA
4376,KF
4377,KINS
4378,KTF
4379,MPX
4380,MRLN
4381,MVC
4382,NAC
4383,NBW
4384,NETE
4385,NETS
4386,NVLN
4387,ORAN
4388,PCYG
4389,PDT
4390,PML
4391,PSP
4392,QIWI
4393,RFTA
4394,RMT
4395,SJB
4396,SPYB
4397,TCHF
4398,UFAB
4399,USAK
4400,UTSI
4401,VERI
4402,VXF
4403,WHG
4404,PGZ
4405,SCHZ
4406,CDC
4407,FENC
4408,FARM
4409,JXI
4410,CTBB
4411,VGIT
4412,CYB
4413,ANIK
4414,SVRA
4415,TG
4416,XPLR
4417,LDRS
4418,QQEW
4419,VGSH
4420,EXI
4421,BUSE
4422,HONE
4423,IAF
4424,HDMV
4425,IDLV
4426,TOTL
4427,UHT
4428,IESC
4429,LITB
4430,RNET
4431,SCHP
4432,SMBC
4433,VCTR
4434,ZTR
4435,JHMM
4436,VTEB
4437,JPIN
4438,UBIO
4439,MSFG
4440,LMFA
4441,IJS
4442,KAI
4443,PRQR
4444,UBA
4445,BREW
4446,PERY
4447,ORM
4448,FCBC
4449,VDC
4450,MHO
4451,UTMD
4452,PCOM
4453,HDG
4454,FEMS
4455,SPTM
4456,VCR
4457,ATNI
4458,FNDA
4459,GMF
4460,INF
4461,MDYG
4462,SCM
4463,AGC
4464,AIRG
4465,BBC
4466,BFOR
4467,BGH
4468,BGR
4469,BGX
4470,BOND
4471,BOSC
4472,BSJM
4473,BUI
4474,BWINB
4475,CATB
4476,CDLX
4477,CEE
4478,CHFN
4479,CNTY
4480,DAIO
4481,DES
4482,EDGW
4483,EDIV
4484,EFF
4485,EFU
4486,EGPT
4487,EOLS
4488,ERC
4489,ETB
4490,FIV
4491,FRSH
4492,GECC
4493,HEAR
4494,HYI
4495,IHDG
4496,IHI
4497,IOR
4498,IVH
4499,IYM
4500,KEMQ
4501,KREF
4502,MAV
4503,MCN
4504,MLPX
4505,MRCC
4506,MTNB
4507,MTSC
4508,MUS
4509,MYN
4510,NEV
4511,NPK
4512,PFO
4513,PGH
4514,PMX
4515,POWL
4516,PSCE
4517,PWOD
4518,PXQ
4519,RSLS
4520,SEED
4521,SGDJ
4522,SGF
4523,SHYD
4524,SNMX
4525,SOJC
4526,STON
4527,SXE
4528,TAT
4529,TGLS
4530,TITN
4531,TLYS
4532,UQM
4533,VDE
4534,VXZ
4535,WRLSU
4536,ZIONW
4537,ZROZ
4538,ZX
4539,ZYNE
4540,CTG
4541,PCYO
4542,SNOA
4543,DXYN
4544,IJJ
4545,CYRX
4546,COKE
4547,FDVV
4548,GSL
4549,ELD
4550,DGP
4551,KCAP
4552,TRC
4553,KNDI
4554,FTSL
4555,BRZU
4556,PGJ
4557,SPTL
4558,FBNK
4559,FNI
4560,MOO
4561,USDU
4562,WHLR
4563,NSPR
4564,UWM
4565,DXR
4566,RDHL
4567,PFSW
4568,ARKK
4569,MUJ
4570,HYEM
4571,GRIF
4572,SLX
4573,CLAR
4574,MNA
4575,PLOW
4576,TWIN
4577,TNTR
4578,SYNL
4579,CCLP
4580,RNP
4581,DMO
4582,KRMA
4583,FNWB
4584,JTD
4585,TRT
4586,LFGR
4587,TSBK
4588,RFFC
4589,SPHS
4590,AFAM
4591,NGHCN
4592,VPG
4593,BGT
4594,NHC
4595,PKB
4596,REET
4597,EMCB
4598,RYT
4599,INFI
4600,MGU
4601,VSEC
4602,MGEE
4603,MPCT
4604,CVCO
4605,FGD
4606,CAPL
4607,VOX
4608,SP
4609,STBA
4610,MSN
4611,TBNK
4612,BFIN
4613,NUEM
4614,PJP
4615,BSPM
4616,DKL
4617,SLY
4618,SPFF
4619,ABAC
4620,ACGLP
4621,ACH
4622,AKP
4623,ALG
4624,AMBR
4625,AMCN
4626,ANFI
4627,ARKQ
4628,ARKR
4629,ATOS
4630,AXU
4631,BBH
4632,BIOL
4633,BLW
4634,BSCJ
4635,BSCL
4636,BSL
4637,BTT
4638,CBTX
4639,CET
4640,CGNT
4641,CIGI
4642,CRBN
4643,CREG
4644,CVON
4645,DNN
4646,DOL
4647,DTW
4648,DUC
4649,DUKH
4650,DVP
4651,DXJF
4652,EUSC
4653,EVJ
4654,GENC
4655,GNMA
4656,GRX
4657,GVI
4658,HCOM
4659,IAE
4660,IBDQ
4661,ICF
4662,IOSP
4663,IOTS
4664,IPCC
4665,JCE
4666,JCO
4667,JMLP
4668,JNP
4669,KLDW
4670,MFM
4671,MNOV
4672,MQY
4673,MYI
4674,NURO
4675,NVEC
4676,OVID
4677,OXFD
4678,PBIP
4679,PCTI
4680,PFNX
4681,PHDG
4682,PLM
4683,PLSE
4684,PMM
4685,PPR
4686,RBCAA
4687,RVP
4688,RXII
4689,SAFE
4690,SAL
4691,SBPH
4692,SIL
4693,SLQD
4694,SRAX
4695,SSI
4696,SUNS
4697,UWN
4698,VET
4699,VSMV
4700,WF
4701,XRF
4702,XRM
4703,JHI
4704,JP
4705,IDX
4706,ARKW
4707,FCVT
4708,IBDM
4709,PFL
4710,FIDU
4711,QQQC
4712,JPNL
4713,BCH
4714,IX
4715,PBE
4716,FXU
4717,USRT
4718,GNR
4719,TLP
4720,SNGX
4721,NINE
4722,VPL
4723,MDYV
4724,SGG
4725,CSBR
4726,PXSG
4727,SPNS
4728,LBJ
4729,GF
4730,FF
4731,FIHD
4732,MBTF
4733,UGA
4734,IMTM
4735,HEB
4736,AVGR
4737,ACMR
4738,GCH
4739,GWRS
4740,PZE
4741,PRK
4742,SLYV
4743,PCF
4744,PFBI
4745,CCBG
4746,NYNY
4747,GOVNI
4748,DBV
4749,SSWN
4750,PPLT
4751,SMN
4752,ENFC
4753,IMH
4754,FPX
4755,MGK
4756,BMRC
4757,PBW
4758,RGI
4759,XPH
4760,FXZ
4761,SSC
4762,FSZ
4763,PDI
4764,FBZ
4765,IJK
4766,AC
4767,PEO
4768,DHIL
4769,CIBR
4770,REW
4771,XPP
4772,PXR
4773,DWCH
4774,PUB
4775,ESSA
4776,FFNW
4777,CELC
4778,OPY
4779,TIPX
4780,BOCH
4781,KWR
4782,DXB
4783,SVA
4784,CMSA
4785,FCNCA
4786,USCI
4787,SPLB
4788,XONE
4789,WTBA
4790,DL
4791,SCHO
4792,ULH
4793,ACHV
4794,ACT
4795,AIRR
4796,ALT
4797,AMDA
4798,ANTH
4799,ARD
4800,ARKG
4801,AROW
4802,AUMN
4803,AZRE
4804,BAB
4805,BANF
4806,BDCL
4807,BDCS
4808,BDGE
4809,BELFB
4810,BHK
4811,BPT
4812,BRF
4813,BTAL
4814,BVX
4815,BYFC
4816,CBH
4817,CCA
4818,CEL
4819,CELP
4820,CH
4821,CHFS
4822,CHMG
4823,CMCL
4824,COE
4825,CPIX
4826,CPST
4827,CSTR
4828,CZFC
4829,DFEN
4830,DFP
4831,DIAX
4832,DIVY
4833,DOD
4834,DOO
4835,DRIO
4836,EDI
4837,EEMA
4838,EFL
4839,ELSE
4840,EMHY
4841,ENOR
4842,ERA
4843,ESLT
4844,EVOL
4845,FAM
4846,FDEU
4847,FENY
4848,FIF
4849,FLTR
4850,FNDF
4851,FRBA
4852,FRSX
4853,GASS
4854,GBLI
4855,GEC
4856,GLIBP
4857,GOAU
4858,GPP
4859,GSIE
4860,HSEA
4861,IBD
4862,IPDN
4863,IYJ
4864,JLS
4865,JMBA
4866,JOUT
4867,KBWB
4868,KEQU
4869,KSM
4870,LBCC
4871,LDP
4872,LGCYO
4873,LGI
4874,LIFE
4875,LORL
4876,LPCN
4877,LTBR
4878,MHH
4879,MLR
4880,MNP
4881,MTT
4882,MUH
4883,MXF
4884,MYF
4885,MYSZ
4886,MZF
4887,NEPT
4888,NHS
4889,NIQ
4890,NODK
4891,NTIC
4892,NXQ
4893,OBLN
4894,OFS
4895,OPP
4896,OREX
4897,PAR
4898,PBSK
4899,PFFD
4900,PGF
4901,PHIIK
4902,PIXY
4903,PNI
4904,PQ
4905,PRAN
4906,PRSS
4907,PSCD
4908,PTIE
4909,PYDS
4910,PYN
4911,QUMU
4912,QVAL
4913,RDCM
4914,RELL
4915,RILYG
4916,RJI
4917,ROM
4918,SBI
4919,SDOG
4920,SDPI
4921,SEII
4922,SGC
4923,SMBK
4924,SOHO
4925,SOJB
4926,SPA
4927,SPKEP
4928,SPRT
4929,SRS
4930,STRS
4931,SYLD
4932,TCGP
4933,TECS
4934,TGA
4935,TIG
4936,TIPT
4937,TMF
4938,TPGE
4939,TROV
4940,TST
4941,TTNP
4942,TVC
4943,UBT
4944,VRIG
4945,VTHR
4946,VTN
4947,VTVT
4948,VUSE
4949,WIA
4950,WSTL
4951,XSD
4952,LMRK
4953,PBBI
4954,VRTS
4955,BOIL
4956,MBII
4957,DTO
4958,FTRPR
4959,FWP
4960,YORW
4961,TGEN
4962,SENEA
4963,TI
4964,BMTC
4965,CCRC
4966,PSCI
4967,EML
4968,CPTA
4969,PFMT
4970,CIF
4971,XMLV
4972,IAGG
4973,VBR
4974,EBAYL
4975,CRVL
4976,IPAC
4977,BBU
4978,HYMB
4979,PMBC
4980,PVI
4981,SNHNI
4982,ALBO
4983,GASL
4984,URGN
4985,MSB
4986,NRCIA
4987,BH
4988,JYNT
4989,MGV
4990,SCHK
4991,GRBK
4992,NCA
4993,FNLC
4994,MBCN
4995,FILL
4996,VONV
4997,NKSH
4998,AMNB
4999,UYG
5000,CHA
5001,CHSCM
5002,CHAU
5003,CEFL
5004,GPJA
5005,RYH
5006,WPXP
5007,GLF
5008,JHMT
5009,ONEQ
5010,CEZ
5011,LAND
5012,SCHR
5013,CHSCN
5014,HBANO
5015,YYY
5016,EXT
5017,MILN
5018,CFFI
5019,AIEQ
5020,XAR
5021,AOR
5022,IXG
5023,VIS
5024,ALX
5025,ATXI
5026,RWR
5027,UCI
5028,CMBS
5029,EDN
5030,DGZ
5031,GURU
5032,ISG
5033,KCE
5034,SHBI
5035,RFV
5036,CWBR
5037,IBUY
5038,MXC
5039,RYF
5040,PTEU
5041,FIEU
5042,MVO
5043,GFN
5044,IRIX
5045,JETS
5046,AOA
5047,CYAD
5048,FFTY
5049,IWC
5050,XELA
5051,UFPT
5052,VIA
5053,WIRE
5054,AKER
5055,BLMT
5056,CLPR
5057,EMCG
5058,TCFC
5059,DAX
5060,DSI
5061,GBL
5062,IGN
5063,ATRI
5064,BRID
5065,PGHY
5066,AUBN
5067,DWSN
5068,OMP
5069,USD
5070,BWZ
5071,JOB
5072,OVBC
5073,SLYG
5074,ADRE
5075,AE
5076,AFT
5077,AHPI
5078,ALTY
5079,AMBCW
5080,AMSF
5081,AP
5082,APWC
5083,ARCT
5084,ASPN
5085,AWRE
5086,AXJL
5087,AZRX
5088,BCRH
5089,BCTF
5090,BDR
5091,BDXA
5092,BFY
5093,BKT
5094,BLPH
5095,BNSO
5096,BNY
5097,BSCQ
5098,BSET
5099,BSJL
5100,BSJN
5101,BSTC
5102,BWEN
5103,BYM
5104,CAPE
5105,CART
5106,CASS
5107,CATH
5108,CCCR
5109,CHEK
5110,CHIX
5111,CHSCL
5112,CIDM
5113,CLWT
5114,CMTA
5115,CORN
5116,CPAC
5117,CSD
5118,CTS
5119,CTU
5120,CTW
5121,CTY
5122,CUBA
5123,CULP
5124,CVV
5125,CXRX
5126,CYCC
5127,CZWI
5128,DBEM
5129,DFBG
5130,DFNL
5131,DHF
5132,DHS
5133,DIAL
5134,DINT
5135,DLA
5136,DRAD
5137,DRN
5138,DTN
5139,DTV
5140,DTY
5141,DWAS
5142,DWIN
5143,EAE
5144,EBTC
5145,EDAP
5146,EFAD
5147,EGF
5148,EIRL
5149,EKSO
5150,EMCI
5151,EMP
5152,ENJ
5153,EQWL
5154,ESGE
5155,ESP
5156,EVY
5157,EYES
5158,FBSS
5159,FCCY
5160,FCT
5161,FDIS
5162,FDL
5163,FDT
5164,FDUSL
5165,FEMB
5166,FFR
5167,FHLC
5168,FINX
5169,FLC
5170,FLL
5171,FLQE
5172,FLTB
5173,FMAO
5174,FMNB
5175,FNBG
5176,FNX
5177,FNY
5178,FRA
5179,FSTR
5180,FT
5181,FTC
5182,FTEK
5183,FTLS
5184,FXO
5185,GAL
5186,GCOW
5187,GDL
5188,GEK
5189,GFA
5190,GGM
5191,GGT
5192,GII
5193,GLQ
5194,GLTR
5195,GNE
5196,GSBD
5197,GURE
5198,GVAL
5199,GXF
5200,HALL
5201,HESM
5202,HFBC
5203,HIPS
5204,HNW
5205,HPJ
5206,HSGX
5207,HTD
5208,HUSE
5209,HUSV
5210,IAI
5211,IAK
5212,IAT
5213,IBKCP
5214,IBMG
5215,ICAN
5216,ICOL
5217,IDHQ
5218,IEZ
5219,IF
5220,IFLY
5221,IIN
5222,INCO
5223,INDL
5224,INDUU
5225,INTX
5226,IOO
5227,IRMD
5228,ISNS
5229,ITUS
5230,IWL
5231,IZRL
5232,JHA
5233,JJC
5234,JJG
5235,JKD
5236,JKE
5237,JPT
5238,JPXN
5239,JRJC
5240,JSYN
5241,KBWD
5242,KBWY
5243,KEN
5244,KTOV
5245,LAC
5246,LCM
5247,LENS
5248,LEVB
5249,LFVN
5250,LMB
5251,LOV
5252,LTPZ
5253,LYL
5254,MACQW
5255,MAGS
5256,MCB
5257,MGIC
5258,MHI
5259,MLN
5260,MLVF
5261,MNGA
5262,MOSY
5263,MRDN
5264,MRRL
5265,MSP
5266,MTR
5267,MUA
5268,MVV
5269,MXI
5270,MYD
5271,MZA
5272,NAII
5273,NGE
5274,NID
5275,NJV
5276,NORW
5277,NTN
5278,NVFY
5279,NVUS
5280,NXJ
5281,NXN
5282,NYH
5283,OCIP
5284,OGEN
5285,OIIM
5286,OMAA
5287,OMNT
5288,ONTL
5289,OPNT
5290,OSN
5291,PBCTP
5292,PDN
5293,PERI
5294,PFIE
5295,PHX
5296,PIY
5297,PKOH
5298,POLA
5299,PPIH
5300,PPSI
5301,PPX
5302,PRME
5303,PSCM
5304,PSJ
5305,PSK
5306,PST
5307,PTMC
5308,PUTW
5309,PXE
5310,PXF
5311,PXI
5312,QABA
5313,QDF
5314,QQQE
5315,RAVE
5316,REK
5317,RETO
5318,RFEM
5319,RFG
5320,RGLS
5321,RJN
5322,RLY
5323,RMGN
5324,RNN
5325,ROSE
5326,RVSB
5327,RZB
5328,SACH
5329,SANW
5330,SBNA
5331,SGBX
5332,SGOC
5333,SILJ
5334,SKF
5335,SKYS
5336,SKYY
5337,SLDA
5338,SLS
5339,SMB
5340,SMIT
5341,SMMF
5342,SOCL
5343,SPLP
5344,SRLP
5345,STAF
5346,STPZ
5347,STRM
5348,STRT
5349,SYN
5350,TANNI
5351,TBB
5352,TDA
5353,TDE
5354,TDF
5355,TENX
5356,TESS
5357,TETF
5358,THW
5359,TILT
5360,TLF
5361,TNXP
5362,TPL
5363,TPOR
5364,TRIB
5365,TSLF
5366,TTP
5367,TWMC
5368,UCBA
5369,UFI
5370,URTY
5371,USAU
5372,UUU
5373,UZA
5374,VAMO
5375,VAW
5376,VCO
5377,VGI
5378,VIGI
5379,VIOG
5380,VJET
5381,VMAX
5382,VPV
5383,VTRB
5384,VVPR
5385,WDIV
5386,WEAT
5387,WHF
5388,WHLRP
5389,WYY
5390,XENE
5391,XHS
5392,XNTK
5393,XSOE
5394,XSW
5395,XTNT
5396,YCL
5397,YECO
5398,YGE
5399,YGYI
5400,YLCO
5401,YOGA
5402,ZDGE
5403,ZF
5404,ZNH
5405,MTLS
5406,RZG
5407,JJN
5408,CSSE
5409,AMCA
5410,MSEX
5411,EWGS
5412,NAP
5413,RFEU
5414,BGIO
5415,ASHS
5416,DEEF
5417,GEX
5418,HGH
5419,JPUS
5420,KOIN
5421,NGHCO
5422,PED
5423,PRTO
5424,SEB
5425,EMGF
5426,FVAL
5427,SFST
5428,DTH
5429,FIGY
5430,KXI
5431,PALL
5432,PEJ
5433,RA
5434,SHI
5435,DLN
5436,GCC
5437,LCNB
5438,PBS
5439,SSG
5440,PICK
5441,ISF
5442,RTH
5443,SGZA
5444,SMEZ
5445,XLG
5446,EUXL
5447,FRI
5448,DPST
5449,PZG
5450,ROAM
5451,VRML
5452,DDE
5453,UG
5454,XTN
5455,GENY
5456,RIGS
5457,SMDD
5458,NES
5459,SBBX
5460,WLFC
5461,ACER
5462,BSWN
5463,EVBN
5464,FEUZ
5465,EDV
5466,FALN
5467,GCBC
5468,PEK
5469,SOHOB
5470,DTJ
5471,PLPC
5472,FBIZ
5473,BZF
5474,CLIR
5475,FEEU
5476,AMSWA
5477,JPEM
5478,RWK
5479,RZA
5480,VLRX
5481,PMR
5482,MKGI
5483,CRAK
5484,FINU
5485,MIN
5486,CORP
5487,CXH
5488,FNG
5489,FVC
5490,ACIM
5491,ROOF
5492,MIND
5493,OUSA
5494,IRCP
5495,RUSHB
5496,CMCT
5497,JJU
5498,NCBS
5499,FYT
5500,PBJ
5501,CXSE
5502,LWAY
5503,AGZD
5504,RWL
5505,VTWV
5506,FCCO
5507,FLEU
5508,IPFF
5509,SLCT
5510,WTFCM
5511,FLEE
5512,OFED
5513,EES
5514,SINO
5515,BCOM
5516,FIEE
5517,LMHB
5518,NWLI
5519,NYMTP
5520,SWP
5521,CATC
5522,EDOG
5523,EWMC
5524,KORU
5525,SAFT
5526,SCIN
5527,PILL
5528,SGRP
5529,TPVG
5530,VDTH
5531,DNBF
5532,ICAD
5533,RXI
5534,AEH
5535,DEW
5536,DVYE
5537,MICT
5538,NRIM
5539,TAIL
5540,EBMT
5541,ICBK
5542,SYE
5543,BFS
5544,DEF
5545,DGL
5546,EMFM
5547,FGBI
5548,GRVY
5549,HIFS
5550,HX
5551,ITIC
5552,MLAB
5553,PEBK
5554,PVBC
5555,PYT
5556,SBFG
5557,SGMA
5558,SMMT
5559,TAC
5560,TCI
5561,WSKY
5562,AADR
5563,AAMC
5564,AAME
5565,AAU
5566,ABE
5567,ACGLO
5568,ACNB
5569,ACSF
5570,ACSI
5571,ACU
5572,ACV
5573,ACY
5574,ADOM
5575,ADRA
5576,ADRD
5577,ADRU
5578,ADXSW
5579,ADZ
5580,AEB
5581,AED
5582,AEK
5583,AETI
5584,AEUA
5585,AEY
5586,AEZS
5587,AFC
5588,AFHBL
5589,AFK
5590,AFTY
5591,AGA
5592,AGD
5593,AGF
5594,AGFSW
5595,AGGE
5596,AGGP
5597,AGGY
5598,AGIIL
5599,AGNCB
5600,AGNCN
5601,AGND
5602,AGT
5603,AGZ
5604,AHC
5605,AHPA
5606,AHPAU
5607,AHPAW
5608,AIF
5609,AIHS
5610,AINC
5611,AIPT
5612,AIRI
5613,AIRT
5614,AIW
5615,AIY
5616,AIZP
5617,AJX
5618,AJXA
5619,AKTX
5620,ALCO
5621,ALD
5622,ALFA
5623,ALFI
5624,ALJJ
5625,ALN
5626,ALPN
5627,ALQA
5628,ALRN
5629,ALTS
5630,AMJL
5631,AMLX
5632,AMMA
5633,AMOV
5634,AMRB
5635,AMRH
5636,AMRHW
5637,AMS
5638,AMUB
5639,ANCB
5640,ANTX
5641,APB
5642,APDN
5643,APEN
5644,APF
5645,APOP
5646,APOPW
5647,APRI
5648,AQB
5649,ARCI
5650,ARCM
5651,ARCW
5652,ARDM
5653,ARGS
5654,ARL
5655,ARTNA
5656,ARTW
5657,ASEA
5658,ASET
5659,ASFI
5660,ASHX
5661,ASM
5662,ASPU
5663,ASRV
5664,ASRVP
5665,ASTC
5666,ATAC
5667,ATACR
5668,ATACU
5669,ATAI
5670,ATEC
5671,ATLC
5672,ATLO
5673,ATMP
5674,ATTU
5675,ATV
5676,AUDC
5677,AUG
5678,AUSE
5679,AVNW
5680,AWX
5681,AXJV
5682,AXR
5683,AYT
5684,BAF
5685,BAL
5686,BALB
5687,BANFP
5688,BAR
5689,BASI
5690,BBDO
5691,BBF
5692,BBK
5693,BBP
5694,BBRC
5695,BCAC
5696,BCACR
5697,BCACU
5698,BCACW
5699,BCD
5700,BCI
5701,BCLI
5702,BCM
5703,BCV
5704,BDCZ
5705,BDD
5706,BDL
5707,BDRY
5708,BEF
5709,BELFA
5710,BEMO
5711,BEP
5712,BERN
5713,BFIT
5714,BFO
5715,BFRA
5716,BGCA
5717,BHAC
5718,BHACU
5719,BHV
5720,BIBL
5721,BICK
5722,BIS
5723,BJJN
5724,BJK
5725,BJO
5726,BJZ
5727,BKEPP
5728,BKHU
5729,BKJ
5730,BKK
5731,BKN
5732,BKSC
5733,BKYI
5734,BLE
5735,BLES
5736,BLFS
5737,BLH
5738,BLHY
5739,BLIN
5740,BLJ
5741,BLNG
5742,BLNK
5743,BLNKW
5744,BME
5745,BMLP
5746,BMRA
5747,BNDC
5748,BNJ
5749,BNTC
5750,BOFIL
5751,BOKFL
5752,BOM
5753,BOON
5754,BORN
5755,BOS
5756,BOSS
5757,BOTJ
5758,BOXL
5759,BPFHP
5760,BPFHW
5761,BPMX
5762,BPOPM
5763,BPOPN
5764,BPTH
5765,BQH
5766,BRAC
5767,BRACR
5768,BRACU
5769,BRACW
5770,BRGL
5771,BRN
5772,BRPA
5773,BRPAR
5774,BRPAU
5775,BRPAW
5776,BRQS
5777,BSCI
5778,BSCN
5779,BSCP
5780,BSCR
5781,BSD
5782,BSJO
5783,BSJP
5784,BSQR
5785,BTA
5786,BTEC
5787,BTN
5788,BUR
5789,BURG
5790,BUY
5791,BUYN
5792,BUZ
5793,BVAL
5794,BVNSC
5795,BVSN
5796,BVXV
5797,BWG
5798,BWINA
5799,BWV
5800,BXE
5801,BYLD
5802,BYSI
5803,BZM
5804,BZQ
5805,CAAS
5806,CACG
5807,CADC
5808,CAFE
5809,CALF
5810,CALL
5811,CANF
5812,CAPR
5813,CARV
5814,CARZ
5815,CASM
5816,CATS
5817,CATYW
5818,CAW
5819,CBAK
5820,CBAN
5821,CBFV
5822,CBLI
5823,CBND
5824,CBON
5825,CBSHP
5826,CCCL
5827,CCM
5828,CCNE
5829,CCOR
5830,CCR
5831,CCUR
5832,CCZ
5833,CDL
5834,CDMOP
5835,CDOR
5836,CEFS
5837,CELGZ
5838,CEMB
5839,CEMI
5840,CETXP
5841,CETXW
5842,CEW
5843,CEY
5844,CFA
5845,CFBI
5846,CFBK
5847,CGA
5848,CGO
5849,CGW
5850,CHCI
5851,CHEP
5852,CHGX
5853,CHIE
5854,CHII
5855,CHIM
5856,CHKE
5857,CHMA
5858,CHN
5859,CHNR
5860,CHOC
5861,CHSCO
5862,CHSCP
5863,CIC
5864,CID
5865,CIFS
5866,CIL
5867,CINR
5868,CIVBP
5869,CIX
5870,CIZ
5871,CIZN
5872,CJJD
5873,CJNK
5874,CKX
5875,CLBS
5876,CLDC
5877,CLFD
5878,CLGN
5879,CLIRW
5880,CLIX
5881,CLRB
5882,CLRBW
5883,CLRBZ
5884,CLRG
5885,CLRO
5886,CLTL
5887,CLYH
5888,CMDT
5889,CMF
5890,CMFN
5891,CMSS
5892,CMSSR
5893,CMSSU
5894,CMSSW
5895,CMU
5896,CN
5897,CNAC
5898,CNACR
5899,CNACU
5900,CNACW
5901,CNCR
5902,CNDF
5903,CNFR
5904,CNHX
5905,CNSF
5906,CNTF
5907,CNXT
5908,CNY
5909,CNYA
5910,COCP
5911,CODA
5912,CODX
5913,COHN
5914,COM
5915,COMB
5916,COMG
5917,COMT
5918,COW
5919,COWB
5920,COWNZ
5921,COWZ
5922,CPAH
5923,CPHC
5924,CPI
5925,CPSH
5926,CPSS
5927,CPTAG
5928,CPTAL
5929,CROC
5930,CROP
5931,CRT
5932,CRUSC
5933,CRVP
5934,CSA
5935,CSB
5936,CSF
5937,CSM
5938,CSML
5939,CSPI
5940,CSWC
5941,CSWCL
5942,CTDD
5943,CTHR
5944,CTIB
5945,CTNN
5946,CTRV
5947,CTX
5948,CTXR
5949,CTXRW
5950,CUBS
5951,CUI
5952,CUMB
5953,CUO
5954,CUPM
5955,CUR
5956,CUT
5957,CVLY
5958,CVM
5959,CVR
5960,CWAI
5961,CWBC
5962,CWS
5963,CXDC
5964,CYAN
5965,CYCCP
5966,CYHHZ
5967,CYRN
5968,CYTR
5969,CYTX
5970,CYTXW
5971,CZA
5972,CZNC
5973,DAC
5974,DAG
5975,DALT
5976,DARE
5977,DAUD
5978,DBAP
5979,DBAW
5980,DBB
5981,DBBR
5982,DBE
5983,DBES
5984,DBEZ
5985,DBKO
5986,DBMX
5987,DBP
5988,DBRT
5989,DBS
5990,DBUK
5991,DCHF
5992,DCNG
5993,DDBI
5994,DDEZ
5995,DDF
5996,DDG
5997,DDJP
5998,DDLS
5999,DDP
6000,DDT
6001,DEE
6002,DEFA
6003,DEMG
6004,DEMS
6005,DESC
6006,DEST
6007,DEUR
6008,DEWJ
6009,DEX
6010,DEZU
6011,DFBHU
6012,DFND
6013,DFVL
6014,DFVS
6015,DGBP
6016,DGICB
6017,DGLY
6018,DGRS
6019,DGSE
6020,DGT
6021,DHCP
6022,DHDG
6023,DHVW
6024,DHXM
6025,DIG
6026,DIM
6027,DIRT
6028,DISCB
6029,DIT
6030,DIV
6031,DIVA
6032,DIVB
6033,DIVC
6034,DIVO
6035,DJCI
6036,DJCO
6037,DJD
6038,DJPY
6039,DLBL
6040,DLBR
6041,DLBS
6042,DLHC
6043,DLNG
6044,DLPN
6045,DLPNW
6046,DMB
6047,DMLP
6048,DMPI
6049,DMRI
6050,DMRL
6051,DMRM
6052,DMRS
6053,DNJR
6054,DNL
6055,DNO
6056,DOGS
6057,DOGZ
6058,DOTA
6059,DOTAR
6060,DOTAU
6061,DOTAW
6062,DPK
6063,DRD
6064,DRR
6065,DRUA
6066,DRW
6067,DSLV
6068,DSUM
6069,DSWL
6070,DTD
6071,DTEA
6072,DTEC
6073,DTF
6074,DTQ
6075,DTRM
6076,DTUL
6077,DTUS
6078,DTYL
6079,DTYS
6080,DUG
6081,DUSA
6082,DUSL
6083,DVCR
6084,DVD
6085,DVEM
6086,DVHL
6087,DVYA
6088,DVYL
6089,DWAC
6090,DWAQ
6091,DWAT
6092,DWCR
6093,DWFI
6094,DWLD
6095,DWLV
6096,DWPP
6097,DWTR
6098,DXF
6099,DYB
6100,DYLS
6101,DYNC
6102,DYNT
6103,DYSL
6104,DYY
6105,DZK
6106,DZSI
6107,EAB
6108,EACQ
6109,EACQU
6110,EAGL
6111,EAGLU
6112,EAGLW
6113,EAI
6114,EAST
6115,EASTW
6116,EBND
6117,ECCA
6118,ECCB
6119,ECCY
6120,ECCZ
6121,ECF
6122,ECNS
6123,ECT
6124,EDBI
6125,EDEN
6126,EDF
6127,EDOW
6128,EEA
6129,EEB
6130,EEH
6131,EEI
6132,EEMD
6133,EEMO
6134,EEMS
6135,EEMX
6136,EET
6137,EFAS
6138,EFAX
6139,EFBI
6140,EFFE
6141,EFNL
6142,EFO
6143,EFOI
6144,EGI
6145,EHT
6146,EIA
6147,EIO
6148,EIP
6149,EIS
6150,EIV
6151,EKAR
6152,ELC
6153,ELEC
6154,ELECU
6155,ELJ
6156,ELLO
6157,ELMD
6158,ELON
6159,ELTK
6160,ELU
6161,ELVT
6162,EMAG
6163,EMBH
6164,EMBU
6165,EMCF
6166,EMDV
6167,EMEM
6168,EMF
6169,EMI
6170,EMIF
6171,EMIH
6172,EMITF
6173,EMJ
6174,EMLB
6175,EMMS
6176,EMSH
6177,EMTL
6178,EMTY
6179,EMX
6180,EMXC
6181,ENFR
6182,ENG
6183,ENO
6184,ENSV
6185,ENTR
6186,ENX
6187,ENZL
6188,EOT
6189,EPIX
6190,EPRF
6191,EPS
6192,EQAL
6193,EQFN
6194,EQL
6195,EQLT
6196,EQRR
6197,EQS
6198,EQWM
6199,EQWS
6200,ERGF
6201,ERH
6202,ERN
6203,ERO
6204,ERYP
6205,ESBA
6206,ESBK
6207,ESCA
6208,ESEA
6209,ESG
6210,ESGD
6211,ESGF
6212,ESGG
6213,ESGL
6214,ESGN
6215,ESGS
6216,ESGU
6217,ESGW
6218,ESQ
6219,ESTR
6220,ESTRW
6221,ETHO
6222,ETX
6223,EUDG
6224,EUDV
6225,EUFL
6226,EUFX
6227,EUMV
6228,EUO
6229,EURL
6230,EURZ
6231,EUSA
6232,EVFM
6233,EVFTC
6234,EVG
6235,EVGBC
6236,EVGN
6237,EVIX
6238,EVK
6239,EVLMC
6240,EVN
6241,EVO
6242,EVOK
6243,EVP
6244,EVSTC
6245,EVX
6246,EWEM
6247,EWK
6248,EWRE
6249,EWSC
6250,EWUS
6251,EWV
6252,EXD
6253,EXFO
6254,EYEG
6255,EYEN
6256,EYESW
6257,EYLD
6258,EZJ
6259,EZT
6260,FAAR
6261,FAB
6262,FAD
6263,FAMI
6264,FAN
6265,FANZ
6266,FAT
6267,FAUS
6268,FBGX
6269,FBIOP
6270,FBND
6271,FCA
6272,FCAL
6273,FCAN
6274,FCAP
6275,FCEF
6276,FCO
6277,FCOM
6278,FCOR
6279,FCRE
6280,FDBC
6281,FDD
6282,FDIV
6283,FDLO
6284,FDM
6285,FDMO
6286,FDRR
6287,FDTS
6288,FEIM
6289,FELP
6290,FEM
6291,FEO
6292,FEP
6293,FEX
6294,FFA
6295,FFBCW
6296,FFBW
6297,FFHG
6298,FFHL
6299,FFIU
6300,FFSG
6301,FFTG
6302,FFTI
6303,FHK
6304,FHY
6305,FIBR
6306,FIDI
6307,FIEG
6308,FINZ
6309,FISK
6310,FITBI
6311,FIVA
6312,FIW
6313,FIXD
6314,FIYY
6315,FJP
6316,FKO
6317,FKU
6318,FLAG
6319,FLAT
6320,FLAU
6321,FLAX
6322,FLBR
6323,FLCA
6324,FLCH
6325,FLCO
6326,FLEH
6327,FLFR
6328,FLGB
6329,FLGE
6330,FLGR
6331,FLGT
6332,FLHK
6333,FLIN
6334,FLIO
6335,FLIY
6336,FLJH
6337,FLJP
6338,FLKR
6339,FLLV
6340,FLM
6341,FLMB
6342,FLMI
6343,FLMX
6344,FLN
6345,FLQD
6346,FLQG
6347,FLQH
6348,FLQL
6349,FLQM
6350,FLQS
6351,FLRT
6352,FLRU
6353,FLSW
6354,FLTW
6355,FMAT
6356,FMB
6357,FMDG
6358,FMF
6359,FMK
6360,FMN
6361,FMY
6362,FNCB
6363,FNCF
6364,FNDC
6365,FNGD
6366,FNK
6367,FNTE
6368,FNTEU
6369,FNTEW
6370,FOANC
6371,FOIL
6372,FONE
6373,FORD
6374,FORK
6375,FORTY
6376,FPA
6377,FPAY
6378,FPEI
6379,FPXI
6380,FQAL
6381,FRAK
6382,FRD
6383,FSAC
6384,FSACU
6385,FSACW
6386,FSBC
6387,FSBW
6388,FSFG
6389,FSI
6390,FSTA
6391,FTA
6392,FTAG
6393,FTEO
6394,FTFT
6395,FTGC
6396,FTHI
6397,FTLB
6398,FTNW
6399,FTRI
6400,FTSD
6401,FTVA
6402,FTW
6403,FTXD
6404,FTXG
6405,FTXH
6406,FTXL
6407,FTXN
6408,FTXR
6409,FUD
6410,FUE
6411,FUNC
6412,FUND
6413,FUSB
6414,FUT
6415,FUTY
6416,FUV
6417,FV
6418,FVL
6419,FWDB
6420,FWDD
6421,FWDI
6422,FXA
6423,FXB
6424,FXCH
6425,FXD
6426,FXG
6427,FXH
6428,FXL
6429,FXS
6430,FXSG
6431,FYC
6432,FYLD
6433,FYX
6434,GAA
6435,GAINM
6436,GAINN
6437,GAINO
6438,GAM
6439,GAMR
6440,GARD
6441,GASX
6442,GAZB
6443,GBAB
6444,GBB
6445,GBF
6446,GBIL
6447,GBLIL
6448,GBR
6449,GCE
6450,GCV
6451,GCVRZ
6452,GDO
6453,GDVD
6454,GDXS
6455,GDXX
6456,GECCL
6457,GECCM
6458,GEMP
6459,GENE
6460,GEVO
6461,GFED
6462,GFNCP
6463,GFNSL
6464,GFY
6465,GGO
6466,GGZ
6467,GHII
6468,GHS
6469,GHYB
6470,GHYG
6471,GIG
6472,GIGB
6473,GIGM
6474,GILT
6475,GJH
6476,GJO
6477,GJP
6478,GJR
6479,GJS
6480,GJT
6481,GJV
6482,GLADN
6483,GLBS
6484,GLBZ
6485,GLDI
6486,GLDW
6487,GLU
6488,GLV
6489,GMFL
6490,GMLPP
6491,GMO
6492,GMOM
6493,GMTA
6494,GNRX
6495,GNTY
6496,GNUS
6497,GOEX
6498,GOODM
6499,GOODO
6500,GOODP
6501,GOP
6502,GPAQ
6503,GPAQU
6504,GPAQW
6505,GPIC
6506,GQRE
6507,GRBIC
6508,GRES
6509,GRF
6510,GRI
6511,GRID
6512,GRMY
6513,GRN
6514,GRNB
6515,GRR
6516,GRU
6517,GRWN
6518,GSB
6519,GSC
6520,GSD
6521,GSEU
6522,GSEW
6523,GSH
6524,GSHT
6525,GSHTU
6526,GSHTW
6527,GSIT
6528,GSJY
6529,GSP
6530,GSSC
6531,GTIM
6532,GTO
6533,GTYH
6534,GTYHU
6535,GTYHW
6536,GUDB
6537,GULF
6538,GVIP
6539,GVP
6540,GWGH
6541,GYB
6542,GYC
6543,GYLD
6544,GYRO
6545,GZT
6546,HACV
6547,HACW
6548,HAHA
6549,HAO
6550,HAP
6551,HAUD
6552,HBANN
6553,HBCP
6554,HBK
6555,HCAC
6556,HCAP
6557,HCAPZ
6558,HCOR
6559,HCRF
6560,HDAW
6561,HDEF
6562,HDLV
6563,HEBT
6564,HECO
6565,HEEM
6566,HEFV
6567,HEMV
6568,HEUS
6569,HEUV
6570,HEVY
6571,HEWC
6572,HEWI
6573,HEWL
6574,HEWU
6575,HEWW
6576,HEWY
6577,HFBL
6578,HFGIC
6579,HFXE
6580,HFXI
6581,HFXJ
6582,HGI
6583,HGSD
6584,HGSH
6585,HGT
6586,HHS
6587,HHYX
6588,HIE
6589,HIHO
6590,HILO
6591,HJPX
6592,HJV
6593,HMG
6594,HMNF
6595,HMOP
6596,HMTA
6597,HNDL
6598,HNNA
6599,HNRG
6600,HOLD
6601,HOML
6602,HONR
6603,HOVNP
6604,HPF
6605,HPI
6606,HPS
6607,HQBD
6608,HQCL
6609,HRZN
6610,HSCZ
6611,HSPX
6612,HTFA
6613,HTGX
6614,HTRB
6615,HTUS
6616,HTY
6617,HUNT
6618,HUNTU
6619,HUNTW
6620,HURC
6621,HUSA
6622,HVBC
6623,HWBK
6624,HWCC
6625,HYAC
6626,HYACU
6627,HYACW
6628,HYB
6629,HYDB
6630,HYDD
6631,HYDW
6632,HYGH
6633,HYHG
6634,HYIH
6635,HYLS
6636,HYLV
6637,HYND
6638,HYUP
6639,HYXE
6640,HYXU
6641,IAM
6642,IAMXR
6643,IAMXW
6644,IBA
6645,IBCD
6646,IBCE
6647,IBDB
6648,IBDC
6649,IBDH
6650,IBDK
6651,IBDN
6652,IBDO
6653,IBDP
6654,IBDR
6655,IBDS
6656,IBKCO
6657,IBMK
6658,IBML
6659,ICB
6660,ICCC
6661,ICCH
6662,ICI
6663,ICOW
6664,ICSH
6665,ICVT
6666,IDEV
6667,IDHD
6668,IDIV
6669,IDLB
6670,IDMO
6671,IDSA
6672,IDU
6673,IDXG
6674,IEC
6675,IEO
6676,IFEU
6677,IFIX
6678,IFV
6679,IGC
6680,IGEB
6681,IGEM
6682,IGIH
6683,IGLD
6684,IGM
6685,IGRO
6686,IGVT
6687,IHC
6688,IHE
6689,IHF
6690,IHIT
6691,IHT
6692,IHTA
6693,IHY
6694,IID
6695,IIJI
6696,IKNX
6697,IMI
6698,IMLP
6699,IMMP
6700,IMMY
6701,IMNP
6702,IMOM
6703,IMRN
6704,IMRNW
6705,IMTB
6706,IMTE
6707,INBKL
6708,INDF
6709,INDU
6710,INDUW
6711,INFR
6712,INKM
6713,INOD
6714,INP
6715,INR
6716,INS
6717,INSE
6718,INSI
6719,INTF
6720,INTG
6721,INVE
6722,INXX
6723,IPAS
6724,IPB
6725,IPIC
6726,IPO
6727,IPOS
6728,IPWR
6729,IQDE
6730,IQDG
6731,IQDY
6732,IQLT
6733,IRDMB
6734,IROQ
6735,ISCF
6736,ISDR
6737,ISHG
6738,ISIG
6739,ISL
6740,ISMD
6741,ISR
6742,ISRA
6743,ISRL
6744,ISSC
6745,ISZE
6746,ITCB
6747,ITE
6748,ITEQ
6749,IUSB
6750,IVAL
6751,IVENC
6752,IVFGC
6753,IVFVC
6754,IVLU
6755,IVOG
6756,IVOO
6757,IVOP
6758,IVOV
6759,IXJ
6760,IXP
6761,IYC
6762,IYG
6763,IYH
6764,IYLD
6765,IYY
6766,IZEA
6767,JBK
6768,JBN
6769,JBR
6770,JBRI
6771,JCS
6772,JCTCF
6773,JDIV
6774,JEM
6775,JEMD
6776,JEQ
6777,JHB
6778,JHD
6779,JHDG
6780,JHMA
6781,JHMC
6782,JHMD
6783,JHME
6784,JHMF
6785,JHMH
6786,JHMI
6787,JHML
6788,JHMS
6789,JHMU
6790,JHS
6791,JHSC
6792,JHX
6793,JHY
6794,JJA
6795,JJAB
6796,JJCB
6797,JJE
6798,JJEB
6799,JJGB
6800,JJM
6801,JJMB
6802,JJP
6803,JJPB
6804,JJS
6805,JJSB
6806,JJT
6807,JJTB
6808,JJUB
6809,JKF
6810,JKG
6811,JKH
6812,JKI
6813,JKJ
6814,JKK
6815,JKL
6816,JMIN
6817,JMM
6818,JMOM
6819,JMP
6820,JMPB
6821,JMPD
6822,JMT
6823,JMU
6824,JOF
6825,JPED
6826,JPEH
6827,JPEU
6828,JPGB
6829,JPHF
6830,JPHY
6831,JPI
6832,JPIH
6833,JPLS
6834,JPMB
6835,JPME
6836,JPMF
6837,JPMV
6838,JPN
6839,JPSE
6840,JPST
6841,JQUA
6842,JRJR
6843,JSD
6844,JSM
6845,JSMD
6846,JSML
6847,JSYNR
6848,JSYNU
6849,JVA
6850,JVAL
6851,JXSB
6852,JYN
6853,KAAC
6854,KAACU
6855,KAACW
6856,KAP
6857,KARS
6858,KBA
6859,KBLM
6860,KBLMR
6861,KBLMU
6862,KBLMW
6863,KBSF
6864,KBWP
6865,KBWR
6866,KCAPL
6867,KCNY
6868,KELYB
6869,KEMP
6870,KFFB
6871,KFS
6872,KFYP
6873,KGJI
6874,KGRN
6875,KIQ
6876,KMDA
6877,KMPA
6878,KNOW
6879,KOLD
6880,KONE
6881,KOOL
6882,KOR
6883,KORP
6884,KOSS
6885,KRP
6886,KST
6887,KTCC
6888,KTH
6889,KTN
6890,KTP
6891,KURE
6892,KZIA
6893,LACQ
6894,LACQU
6895,LACQW
6896,LAKE
6897,LALT
6898,LANDP
6899,LAQ
6900,LARK
6901,LAWS
6902,LAZY
6903,LBDC
6904,LBIX
6905,LBTYB
6906,LCA
6907,LCAHU
6908,LCAHW
6909,LD
6910,LDF
6911,LDRI
6912,LDUR
6913,LEAD
6914,LEDD
6915,LEDS
6916,LEGR
6917,LEU
6918,LEXEB
6919,LFEQ
6920,LGC
6921,LGCYP
6922,LGL
6923,LGLV
6924,LINC
6925,LINDW
6926,LINK
6927,LINU
6928,LIVE
6929,LIVX
6930,LKOR
6931,LLIT
6932,LLQD
6933,LMHA
6934,LMLP
6935,LMRKO
6936,LMRKP
6937,LND
6938,LNGR
6939,LOAN
6940,LOGO
6941,LONE
6942,LOOP
6943,LOR
6944,LOWC
6945,LQDH
6946,LRAD
6947,LRET
6948,LRGE
6949,LSBK
6950,LSST
6951,LSTK
6952,LSVX
6953,LSXMB
6954,LTL
6955,LTRPB
6956,LTRX
6957,LTSL
6958,LUB
6959,LVHB
6960,LVHD
6961,LVHE
6962,LVIN
6963,LVL
6964,LVUS
6965,LXFR
6966,MAB
6967,MACQ
6968,MACQU
6969,MAGA
6970,MAMS
6971,MANU
6972,MARPS
6973,MATF
6974,MATH
6975,MAYS
6976,MBFIO
6977,MBG
6978,MBSD
6979,MBVX
6980,MCEF
6981,MCEP
6982,MCI
6983,MCRO
6984,MCV
6985,MCX
6986,MDLQ
6987,MDLX
6988,MDLY
6989,MEAR
6990,MELR
6991,MEN
6992,MESO
6993,MEXX
6994,MFCB
6995,MFD
6996,MFDX
6997,MFEM
6998,MFINL
6999,MFLA
7000,MFO
7001,MFT
7002,MFUS
7003,MFV
7004,MGC
7005,MGF
7006,MGYR
7007,MHD
7008,MHE
7009,MHF
7010,MHLA
7011,MHN
7012,MHNC
7013,MICR
7014,MICTW
7015,MIDU
7016,MIDZ
7017,MIII
7018,MIIIU
7019,MIIIW
7020,MINC
7021,MINDP
7022,MIW
7023,MIY
7024,MJCO
7025,MLP
7026,MLPB
7027,MLPC
7028,MLPE
7029,MLPG
7030,MLPO
7031,MLPQ
7032,MLPS
7033,MLPY
7034,MLPZ
7035,MLQD
7036,MLSS
7037,MLTI
7038,MMD
7039,MMDM
7040,MMDMR
7041,MMDMU
7042,MMDMW
7043,MMIN
7044,MMIT
7045,MMTM
7046,MMV
7047,MNE
7048,MNI
7049,MOC
7050,MOGLC
7051,MOM
7052,MORT
7053,MOSC
7054,MOXC
7055,MPAC
7056,MPACU
7057,MPACW
7058,MPB
7059,MPV
7060,MPVD
7061,MRBK
7062,MRDNW
7063,MRGR
7064,MSBF
7065,MSD
7066,MSON
7067,MTBCP
7068,MTEC
7069,MTECU
7070,MTECW
7071,MTEX
7072,MTFB
7073,MTFBW
7074,MTGEP
7075,MTP
7076,MTSL
7077,MUDS
7078,MUDSU
7079,MUDSW
7080,MUE
7081,MUNI
7082,MVBF
7083,MVCD
7084,MVIN
7085,MVT
7086,MXDU
7087,MXE
7088,MYC
7089,MYND
7090,MYNDW
7091,MYOS
7092,MYY
7093,MZZ
7094,NAIL
7095,NAKD
7096,NANR
7097,NAOV
7098,NATR
7099,NAVB
7100,NAZ
7101,NBB
7102,NBD
7103,NBH
7104,NBN
7105,NBO
7106,NBY
7107,NCB
7108,NCTY
7109,NDRA
7110,NDRAW
7111,NDRO
7112,NEBU
7113,NEBUU
7114,NEBUW
7115,NEN
7116,NESR
7117,NESRW
7118,NEWA
7119,NEWTI
7120,NFLT
7121,NFO
7122,NFRA
7123,NGHCP
7124,NGVC
7125,NHA
7126,NHLD
7127,NHLDW
7128,NHTC
7129,NICK
7130,NINI
7131,NKG
7132,NKX
7133,NLR
7134,NMI
7135,NMRD
7136,NMS
7137,NMT
7138,NMY
7139,NNC
7140,NNDM
7141,NNVC
7142,NNY
7143,NOM
7144,NPN
7145,NPV
7146,NQP
7147,NRCIB
7148,NRT
7149,NSEC
7150,NSS
7151,NSYS
7152,NTC
7153,NTRP
7154,NTX
7155,NTZ
7156,NUAG
7157,NUBD
7158,NULG
7159,NULV
7160,NUMG
7161,NUMV
7162,NUO
7163,NURE
7164,NUSA
7165,NUSC
7166,NUW
7167,NVMM
7168,NWFL
7169,NWHM
7170,NXC
7171,NXEOU
7172,NXP
7173,NXR
7174,NYMTN
7175,NYMTO
7176,NYV
7177,OASI
7178,OASM
7179,OBAS
7180,OBCI
7181,OBOR
7182,OBSV
7183,OCC
7184,OCIO
7185,OCSLL
7186,ODC
7187,OESX
7188,OEUR
7189,OEW
7190,OFLX
7191,OGCP
7192,OHAI
7193,OHGI
7194,OHRP
7195,OIIL
7196,OILB
7197,OILK
7198,OILX
7199,OKDCC
7200,OLD
7201,OLEM
7202,OLO
7203,OMAD
7204,OMFL
7205,OMFS
7206,OMOM
7207,ONEO
7208,ONEV
7209,ONEY
7210,ONG
7211,ONP
7212,ONS
7213,ONSIZ
7214,ONTXW
7215,OPGN
7216,OPHC
7217,OPOF
7218,OQAL
7219,ORG
7220,ORGS
7221,ORMP
7222,ORPN
7223,ORRF
7224,OSBCP
7225,OSIZ
7226,OSLE
7227,OTEL
7228,OTTW
7229,OUSM
7230,OVAS
7231,OVLC
7232,OVLU
7233,OVLY
7234,OVOL
7235,OXBR
7236,OXBRW
7237,OXLCM
7238,OXLCO
7239,OYLD
7240,PAF
7241,PAGG
7242,PAI
7243,PAK
7244,PATI
7245,PAVE
7246,PAVM
7247,PAVMW
7248,PBB
7249,PBD
7250,PBDM
7251,PBEE
7252,PBHC
7253,PBIB
7254,PBND
7255,PBP
7256,PBSM
7257,PBTP
7258,PBUS
7259,PCM
7260,PCQ
7261,PDEX
7262,PDLB
7263,PESI
7264,PETZ
7265,PEX
7266,PEZ
7267,PFD
7268,PFFR
7269,PFH
7270,PFI
7271,PFIG
7272,PFIN
7273,PFIS
7274,PFK
7275,PFM
7276,PGD
7277,PGLC
7278,PGM
7279,PGMB
7280,PGP
7281,PHII
7282,PHO
7283,PIE
7284,PIH
7285,PIO
7286,PIZ
7287,PJH
7288,PKBK
7289,PKO
7290,PKW
7291,PLBC
7292,PLG
7293,PLND
7294,PLTM
7295,PLW
7296,PLYM
7297,PMD
7298,PME
7299,PMO
7300,PMOM
7301,PMPT
7302,PNBK
7303,PNF
7304,PNRG
7305,PNTR
7306,POPE
7307,PPDM
7308,PPEM
7309,PPH
7310,PPLC
7311,PPLN
7312,PPMC
7313,PPSC
7314,PPTB
7315,PRB
7316,PREF
7317,PRH
7318,PRID
7319,PRKR
7320,PRN
7321,PRNT
7322,PROV
7323,PRPH
7324,PRPL
7325,PSAU
7326,PSC
7327,PSCC
7328,PSCF
7329,PSCH
7330,PSCT
7331,PSCU
7332,PSET
7333,PSF
7334,PSI
7335,PSL
7336,PSMB
7337,PSMC
7338,PSMG
7339,PSMM
7340,PSR
7341,PTF
7342,PTH
7343,PTLC
7344,PTM
7345,PTNQ
7346,PTNR
7347,PTSI
7348,PUI
7349,PUW
7350,PVAL
7351,PW
7352,PWB
7353,PWC
7354,PWS
7355,PWZ
7356,PXLG
7357,PXLV
7358,PXMV
7359,PXS
7360,PXSV
7361,PXUS
7362,PY
7363,PYS
7364,PYZ
7365,PZC
7366,PZD
7367,PZI
7368,PZT
7369,QADB
7370,QAT
7371,QBAK
7372,QCAN
7373,QCLN
7374,QDEF
7375,QDEU
7376,QDYN
7377,QED
7378,QEMM
7379,QGBR
7380,QGTA
7381,QJPN
7382,QLC
7383,QLS
7384,QLTA
7385,QMN
7386,QMOM
7387,QQXT
7388,QRHC
7389,QRTEB
7390,QSY
7391,QTRH
7392,QUS
7393,QVM
7394,QWLD
7395,QXGG
7396,QXMI
7397,QXRR
7398,QXTR
7399,RALS
7400,RAND
7401,RAVI
7402,RBCN
7403,RBIN
7404,RBNC
7405,RBUS
7406,RCD
7407,RCG
7408,RCMT
7409,RCOM
7410,RCON
7411,RDIB
7412,REED
7413,REEM
7414,REFA
7415,REFR
7416,RELV
7417,REML
7418,RETL
7419,REXX
7420,REZ
7421,RFCI
7422,RFI
7423,RFT
7424,RFUN
7425,RGCO
7426,RGLB
7427,RGSE
7428,RGT
7429,RHS
7430,RIBTW
7431,RILYL
7432,RILYZ
7433,RINF
7434,RISE
7435,RIV
7436,RJZ
7437,RLJE
7438,RMBL
7439,RMCF
7440,RNDB
7441,RNDM
7442,RNDV
7443,RNEM
7444,RNLC
7445,RNMC
7446,RNSC
7447,ROBT
7448,RODI
7449,RODM
7450,ROGS
7451,ROLA
7452,RORE
7453,ROSEU
7454,ROSG
7455,ROUS
7456,RPIBC
7457,RPUT
7458,RSXJ
7459,RTLA
7460,RTM
7461,RUSS
7462,RVEN
7463,RVNU
7464,RWC
7465,RWGE
7466,RWJ
7467,RWW
7468,RXD
7469,RXIIW
7470,RXL
7471,RYJ
7472,RYU
7473,RZV
7474,SAA
7475,SAEX
7476,SAGG
7477,SAMG
7478,SAR
7479,SAUC
7480,SBB
7481,SBFGP
7482,SBIO
7483,SBLKZ
7484,SBM
7485,SBNYW
7486,SBOT
7487,SBR
7488,SBRAP
7489,SBV
7490,SCA
7491,SCAC
7492,SCACU
7493,SCACW
7494,SCAP
7495,SCC
7496,SCD
7497,SCID
7498,SCIJ
7499,SCIU
7500,SCIX
7501,SCKT
7502,SCTO
7503,SCX
7504,SDD
7505,SDEM
7506,SDP
7507,SDR
7508,SDT
7509,SDVY
7510,SDYL
7511,SEA
7512,SECT
7513,SEF
7514,SELF
7515,SENEB
7516,SES
7517,SFB
7518,SFBC
7519,SFHY
7520,SFIG
7521,SFLA
7522,SGA
7523,SGAR
7524,SGB
7525,SGDM
7526,SGGB
7527,SGLB
7528,SGLBW
7529,SGQI
7530,SHAG
7531,SHE
7532,SHIP
7533,SHIPW
7534,SHNY
7535,SHSP
7536,SHYL
7537,SIEB
7538,SIF
7539,SIFY
7540,SIJ
7541,SIM
7542,SIZ
7543,SIZE
7544,SKIS
7545,SKOR
7546,SLIM
7547,SLMBP
7548,SLNO
7549,SLVP
7550,SMCP
7551,SMDV
7552,SMED
7553,SMHD
7554,SMLF
7555,SMLL
7556,SMLV
7557,SMMD
7558,SMMU
7559,SMMV
7560,SMPLW
7561,SMSI
7562,SMTS
7563,SMTX
7564,SNDE
7565,SNES
7566,SNFCA
7567,SNGXW
7568,SNHNL
7569,SNMP
7570,SNSR
7571,SOFO
7572,SOHOK
7573,SOHOO
7574,SOIL
7575,SOL
7576,SOVB
7577,SOYB
7578,SPCB
7579,SPDN
7580,SPDV
7581,SPE
7582,SPI
7583,SPIL
7584,SPLX
7585,SPMO
7586,SPMV
7587,SPPP
7588,SPRO
7589,SPTS
7590,SPUN
7591,SPUU
7592,SPVM
7593,SPVU
7594,SPXE
7595,SPXN
7596,SPXT
7597,SPXV
7598,SPYX
7599,SQLV
7600,SQZZ
7601,SRCLP
7602,SRET
7603,SRF
7604,SRTS
7605,SRTSW
7606,SSBI
7607,SSFN
7608,SSKN
7609,SSNT
7610,SSWA
7611,SSY
7612,STDY
7613,STLR
7614,STLRU
7615,STLRW
7616,STNL
7617,STNLU
7618,STNLW
7619,STOT
7620,STPP
7621,SUB
7622,SUMR
7623,SUNW
7624,SUSA
7625,SUSB
7626,SUSC
7627,SVBI
7628,SVT
7629,SWIN
7630,SWJ
7631,SWZ
7632,SXI
7633,SYG
7634,SYPR
7635,SYV
7636,SZK
7637,SZO
7638,TACOW
7639,TACT
7640,TAGS
7641,TAIT
7642,TAO
7643,TAPR
7644,TATT
7645,TAXR
7646,TAYD
7647,TBLU
7648,TBX
7649,TCBIL
7650,TCBIP
7651,TCBIW
7652,TCCA
7653,TCCO
7654,TCRZ
7655,TCTL
7656,TDI
7657,TDJ
7658,TDTF
7659,TERM
7660,TFLO
7661,TGC
7662,THGA
7663,THST
7664,TIBRU
7665,TIK
7666,TIL
7667,TIPZ
7668,TISA
7669,TKAT
7670,TLDH
7671,TLEH
7672,TLTD
7673,TMFC
7674,TMQ
7675,TMSR
7676,TMSRW
7677,TOK
7678,TOLZ
7679,TPGH
7680,TPIV
7681,TPVY
7682,TPYP
7683,TPZ
7684,TRCB
7685,TRCH
7686,TRIL
7687,TRMD
7688,TRMT
7689,TRNS
7690,TRPX
7691,TRX
7692,TSRI
7693,TTAC
7694,TTAI
7695,TTFS
7696,TURN
7697,TUSA
7698,TUZ
7699,TVE
7700,TVIZ
7701,TWN
7702,TY
7703,TYBS
7704,TYD
7705,TYNS
7706,TYO
7707,TZOO
7708,UAE
7709,UAG
7710,UAMY
7711,UAUD
7712,UBC
7713,UBCP
7714,UBG
7715,UBM
7716,UBN
7717,UBOH
7718,UBP
7719,UBR
7720,UBRT
7721,UCC
7722,UCHF
7723,UCIB
7724,UDBI
7725,UDN
7726,UEUR
7727,UEVM
7728,UGBP
7729,UGE
7730,UHN
7731,UITB
7732,UIVM
7733,UJB
7734,UJPY
7735,ULBR
7736,ULE
7737,ULST
7738,ULVM
7739,UMDD
7740,UNAM
7741,UNB
7742,UNL
7743,UNTY
7744,UONE
7745,UONEK
7746,UPV
7747,UPW
7748,URR
7749,URTH
7750,USAG
7751,USAI
7752,USAP
7753,USAS
7754,USATP
7755,USDP
7756,USDY
7757,USEQ
7758,USFR
7759,USHY
7760,USL
7761,USLB
7762,USLM
7763,USMC
7764,USMF
7765,USOD
7766,USOI
7767,USOU
7768,UST
7769,USTB
7770,USV
7771,USVM
7772,UTES
7773,UTLF
7774,UTSL
7775,UXI
7776,UYM
7777,UZC
7778,VALQ
7779,VALX
7780,VBF
7781,VBFC
7782,VBND
7783,VCF
7784,VEAC
7785,VEACU
7786,VEACW
7787,VEGA
7788,VEGI
7789,VESH
7790,VFL
7791,VFLQ
7792,VFMF
7793,VFMO
7794,VFMV
7795,VFQY
7796,VFVA
7797,VGFO
7798,VGLT
7799,VIDI
7800,VII
7801,VIIX
7802,VIIZ
7803,VIOO
7804,VIOV
7805,VIRC
7806,VLT
7807,VLU
7808,VMM
7809,VMOT
7810,VNCE
7811,VNLA
7812,VONE
7813,VONG
7814,VOOG
7815,VOOV
7816,VPU
7817,VQT
7818,VRNA
7819,VRTSP
7820,VSDA
7821,VSL
7822,VTC
7823,VTGN
7824,VTNR
7825,VTWG
7826,VTWO
7827,VVUS
7828,VXRT
7829,VXXB
7830,VXZB
7831,VYMI
7832,VZA
7833,WAFDW
7834,WALA
7835,WBAL
7836,WBIA
7837,WBIB
7838,WBIC
7839,WBID
7840,WBIE
7841,WBIF
7842,WBIG
7843,WBIH
7844,WBII
7845,WBIL
7846,WBIR
7847,WBIY
7848,WCFB
7849,WCHN
7850,WDRW
7851,WEA
7852,WEAR
7853,WEBK
7854,WEET
7855,WFHY
7856,WFIG
7857,WHFBL
7858,WHLM
7859,WHLRD
7860,WHLRW
7861,WIL
7862,WILC
7863,WINA
7864,WINS
7865,WLDR
7866,WMCR
7867,WMGIZ
7868,WMLP
7869,WMW
7870,WOOD
7871,WPS
7872,WREI
7873,WRLS
7874,WRLSR
7875,WRLSW
7876,WRN
7877,WSCI
7878,WSTG
7879,WTFCW
7880,WTID
7881,WTIU
7882,WTMF
7883,WTRX
7884,WTT
7885,WVFC
7886,WVVI
7887,WVVIP
7888,WYDE
7889,XBIO
7890,XBIT
7891,XCEM
7892,XDIV
7893,XELB
7894,XFLT
7895,XGTI
7896,XGTIW
7897,XHE
7898,XINA
7899,XITK
7900,XIVH
7901,XKFS
7902,XKII
7903,XKST
7904,XMPT
7905,XMX
7906,XRLV
7907,XSHD
7908,XSHQ
7909,XTH
7910,XTL
7911,XTLB
7912,XUSA
7913,XVZ
7914,XWEB
7915,XXV
7916,YAO
7917,YDIV
7918,YESR
7919,YLD
7920,YLDE
7921,YMLI
7922,YMLP
7923,YRIV
7924,YTEN
7925,YXI
7926,ZAIS
7927,ZBIO
7928,ZBK
7929,ZIONZ
7930,ZKIN
7931,ZOM
7932,ZVZZT
7933,ZWZZT
7934,ZXZZT
7935,ZYME
